epoch,time,train/box_loss,train/cls_loss,train/dfl_loss,metrics/precision(B),metrics/recall(B),metrics/mAP50(B),metrics/mAP50-95(B),val/box_loss,val/cls_loss,val/dfl_loss,lr/pg0,lr/pg1,lr/pg2,source_path
300,2157.9,2.44214,0.52326,1.08941,0.84421,0.65431,0.75973,0.46496,2.52392,0.53319,1.08968,1.02739e-05,1.02739e-05,1.02739e-05,D:\OBM\CODES\AutoSEG\runs\detect\train100\results.csv
300,887.526,1.51821,0.6746,0.56987,0.69588,0.43948,0.5259,0.23186,1.83266,0.76976,0.54362,0.000500123,0.000500123,0.000500123,D:\OBM\CODES\AutoSEG\runs\detect\train101\results.csv
1000,4138.7,1.52286,0.44744,0.53377,0.86447,0.70387,0.80562,0.5102,1.81269,0.47529,0.53529,0.0001009,0.0001009,0.0001009,D:\OBM\CODES\AutoSEG\runs\detect\train102\results.csv
300,1261.88,9.39744,1.10815,1.62914,0.48726,0.22913,0.26569,0.0978,10.3648,1.20484,1.59818,0.000103,0.000103,0.000103,D:\OBM\CODES\AutoSEG\runs\detect\train103\results.csv
443,1462.43,2.77269,0.45257,0.57485,0.73038,0.57607,0.65745,0.34334,2.57571,0.41914,0.55001,0.00476116,0.00476116,0.00476116,D:\OBM\CODES\AutoSEG\runs\detect\train104\results.csv
592,2714.17,2.58636,1.47813,2.12668,0.73567,0.55011,0.64801,0.32826,3.49751,1.99281,2.23004,0.00121622,0.00121622,0.00121622,D:\OBM\CODES\AutoSEG\runs\detect\train105\results.csv
300,1560.76,2.18009,0.36084,0.56261,0.66921,0.45181,0.53098,0.24313,3.05289,0.45109,0.54076,8.66e-06,8.66e-06,8.66e-06,D:\OBM\CODES\AutoSEG\runs\detect\train106\results.csv
100,244.103,5.35599,1.51821,0.80342,0.16066,0.13784,0.09522,0.02415,6.10017,1.73552,0.6709,0.000200444,0.000200444,0.000200444,D:\OBM\CODES\AutoSEG\runs\detect\train107\results.csv
300,1525.19,1.88103,1.05273,1.09459,0.67012,0.42326,0.49756,0.22855,1.80395,1.03176,1.09007,4.33e-06,4.33e-06,4.33e-06,D:\OBM\CODES\AutoSEG\runs\detect\train108\results.csv
800,2682.39,4.81268,0.53995,0.48695,0.53583,0.2382,0.29375,0.1126,4.75152,0.58082,0.51523,2.2475e-05,2.2475e-05,2.2475e-05,D:\OBM\CODES\AutoSEG\runs\detect\train109\results.csv
600,8439.99,2.45408,0.82653,0.80958,0.70989,0.46252,0.56259,0.26384,2.85841,1.03039,0.80236,1.00685e-05,1.00685e-05,1.00685e-05,D:\OBM\CODES\AutoSEG\runs\detect\train11\results.csv
448,1156.42,2.39921,1.6048,1.02093,0.52962,0.30409,0.35484,0.12574,2.6051,1.59514,0.92573,0.00414156,0.00414156,0.00414156,D:\OBM\CODES\AutoSEG\runs\detect\train110\results.csv
800,2746.65,2.19022,1.2279,0.83728,0.44586,0.20511,0.23604,0.08147,2.58281,1.41856,0.80854,0.000100003,0.000100003,0.000100003,D:\OBM\CODES\AutoSEG\runs\detect\train111\results.csv
61,168.632,3.8599,1.51894,1.14795,0.52439,0.3008,0.3308,0.11855,4.00421,2.81378,1.14338,0.0041,0.0041,0.0041,D:\OBM\CODES\AutoSEG\runs\detect\train113\results.csv
8,21.1733,8.69786,4.23401,1.53135,0,0,0,0,3.25701,2.71094,2.27416,0.156252,0.0022517,0.0022517,D:\OBM\CODES\AutoSEG\runs\detect\train114\results.csv
47,103.602,6.04841,2.41116,1.12219,0.03975,0.06494,0.03008,0.00671,7.01396,3.33013,1.08919,0.000991872,0.000991872,0.000991872,D:\OBM\CODES\AutoSEG\runs\detect\train115\results.csv
125,274.251,2.32676,0.94106,0.875,0.36777,0.1729,0.18313,0.0573,2.8618,1.14192,0.82474,0.00481288,0.00481288,0.00481288,D:\OBM\CODES\AutoSEG\runs\detect\train116\results.csv
146,362.669,4.08837,1.0033,0.86206,0.40394,0.17971,0.19061,0.06204,4.79373,1.30862,0.81678,0.00565,0.00565,0.00565,D:\OBM\CODES\AutoSEG\runs\detect\train117\results.csv
800,2730.96,5.23694,1.25103,0.60025,0.31658,0.11161,0.11067,0.02932,5.60788,1.37949,0.57384,0.000200007,0.000200007,0.000200007,D:\OBM\CODES\AutoSEG\runs\detect\train118\results.csv
826,4398.73,3.433,0.42224,1.07641,0.65599,0.42593,0.50044,0.2272,3.99484,0.48909,1.09556,0.00166312,0.00166312,0.00166312,D:\OBM\CODES\AutoSEG\runs\detect\train119\results.csv
60,235.722,4.02726,1.30396,1.21796,0.57368,0.3634,0.40368,0.15637,4.96218,4.92852,1.20709,0.00976567,0.00976567,0.00976567,D:\OBM\CODES\AutoSEG\runs\detect\train121\results.csv
24,71.8093,3.47679,0.58136,0.92607,0.52304,0.4113,0.41705,0.16151,3.66315,0.62864,0.87951,0.0296831,0.000683056,0.000683056,D:\OBM\CODES\AutoSEG\runs\detect\train122\results.csv
100,244.089,6.05675,1.29983,1.06241,0.06924,0.11312,0.05496,0.01378,6.43245,1.43103,1.00889,0.000102443,0.000102443,0.000102443,D:\OBM\CODES\AutoSEG\runs\detect\train123\results.csv
600,1994.33,1.92654,0.5377,0.90266,0.62011,0.42982,0.49109,0.21877,2.00924,0.53439,0.87857,5.33e-06,5.33e-06,5.33e-06,D:\OBM\CODES\AutoSEG\runs\detect\train124\results.csv
300,1091.53,3.73109,0.60795,0.61785,0.47224,0.31617,0.35868,0.15026,4.08257,0.67479,0.61587,0.000100271,0.000100271,0.000100271,D:\OBM\CODES\AutoSEG\runs\detect\train125\results.csv
300,860.675,2.44609,0.69383,0.62294,0.48001,0.30378,0.34293,0.12553,2.59261,0.73091,0.62786,1.02739e-05,1.02739e-05,1.02739e-05,D:\OBM\CODES\AutoSEG\runs\detect\train126\results.csv
113,379.828,2.17245,1.19586,0.84443,0.43353,0.20456,0.23595,0.08758,2.37179,1.30165,0.7883,0.00069682,0.00069682,0.00069682,D:\OBM\CODES\AutoSEG\runs\detect\train127\results.csv
100,613.625,3.80017,1.09723,0.56908,0.66206,0.42998,0.49857,0.23135,3.83909,1.04906,0.55364,1.24647e-05,1.24647e-05,1.24647e-05,D:\OBM\CODES\AutoSEG\runs\detect\train128\results.csv
3,17.7794,4.34764,0.66604,0.62184,0,0,0,0,10.5199,6.06393e+08,3894.26,0.0846966,0.0016966,0.0016966,D:\OBM\CODES\AutoSEG\runs\detect\train129\results.csv
184,475.42,2.75222,1.64059,0.63531,0.50381,0.31755,0.3414,0.11126,2.6437,1.60957,0.62299,0.00393858,0.00393858,0.00393858,D:\OBM\CODES\AutoSEG\runs\detect\train13\results.csv
10,25.4306,13.1843,15.7515,3.39165,0,0,0,0,6.53495,35.6863,1.92496,0.000573482,0.000573482,0.000573482,D:\OBM\CODES\AutoSEG\runs\detect\train130\results.csv
100,213.806,4.45001,1.60384,1.78355,0.01264,0.02004,0.00646,0.00148,4.53336,2.06476,1.33848,5.495e-05,5.495e-05,5.495e-05,D:\OBM\CODES\AutoSEG\runs\detect\train131\results.csv
100,302.458,2.84998,0.87295,1.52726,0.31608,0.25976,0.22013,0.0602,3.21145,0.98359,1.43738,0.000100222,0.000100222,0.000100222,D:\OBM\CODES\AutoSEG\runs\detect\train132\results.csv
9,28.4749,4.38386,2.95352,2.36535,0,0,0,0,2.00695,8.21847,1.68437,0.000975285,0.000975285,0.000975285,D:\OBM\CODES\AutoSEG\runs\detect\train133\results.csv
8,16.7651,13.1266,5.27203,4.72532,0,0,0,0,10.8214,4.36305,3.64358,0.156297,0.00229691,0.00229691,D:\OBM\CODES\AutoSEG\runs\detect\train134\results.csv
18,211.139,4.62991,0.72024,0.87547,0,0,0,0,0,0,0,0.0521513,0.00515133,0.00515133,D:\OBM\CODES\AutoSEG\runs\detect\train135\results.csv
32,117.371,2.91059,0.70447,0.5589,0.37593,0.18396,0.16867,0.0492,2.86863,0.86085,0.54174,0.0019442,0.0019442,0.0019442,D:\OBM\CODES\AutoSEG\runs\detect\train136\results.csv
300,1675.07,4.68183,1.17326,1.12109,0.80252,0.60859,0.71351,0.39988,5.1105,1.28869,1.12251,5.13694e-06,5.13694e-06,5.13694e-06,D:\OBM\CODES\AutoSEG\runs\detect\train137\results.csv
604,3112.62,10.3344,1.28177,1.08576,0.48468,0.24108,0.28355,0.10597,10.2941,1.18751,1.05324,0.0004573,0.0004573,0.0004573,D:\OBM\CODES\AutoSEG\runs\detect\train138\results.csv
4,9.7299,4.95759,2.80699,1.89669,0,0,0,0,0.15789,1.3939,0.05672,0.179097,0.00109703,0.00109703,D:\OBM\CODES\AutoSEG\runs\detect\train139\results.csv
85,254.268,4.87142,1.98328,1.51655,0.39677,0.27869,0.27825,0.09288,4.97662,1.82542,1.44021,0.000712282,0.000712282,0.000712282,D:\OBM\CODES\AutoSEG\runs\detect\train14\results.csv
300,1268.13,10.5139,2.00453,1.57909,0.48836,0.22941,0.27123,0.10011,9.97021,1.91524,1.58182,0.000103,0.000103,0.000103,D:\OBM\CODES\AutoSEG\runs\detect\train140\results.csv
6,21.2027,1.05987,3.70102,0.24991,0,0,0,0,0.26929,6.37375,0.06401,0.000688345,0.000688345,0.000688345,D:\OBM\CODES\AutoSEG\runs\detect\train141\results.csv
600,3149.59,1.99903,0.27943,1.09337,0.83198,0.66982,0.76826,0.46708,2.44733,0.31672,1.07827,1.165e-05,1.165e-05,1.165e-05,D:\OBM\CODES\AutoSEG\runs\detect\train142\results.csv
1000,6046.11,5.49507,1.0829,1.6101,0.79059,0.57523,0.69266,0.41139,5.87189,1.11987,1.61497,0.0002018,0.0002018,0.0002018,D:\OBM\CODES\AutoSEG\runs\detect\train143\results.csv
1000,2417.39,2.93154,0.47831,1.16247,0.67062,0.4757,0.54979,0.26248,2.99034,0.4895,1.13655,2.198e-05,2.198e-05,2.198e-05,D:\OBM\CODES\AutoSEG\runs\detect\train144\results.csv
800,4236.02,4.86687,1.36421,1.65742,0.81518,0.64662,0.74405,0.44193,5.94911,1.61934,1.6513,0.00100003,0.00100003,0.00100003,D:\OBM\CODES\AutoSEG\runs\detect\train145\results.csv
204,702.218,2.47626,1.01459,1.09214,0.43539,0.18081,0.19587,0.06446,2.70864,1.10595,1.07084,0.00849514,0.00849514,0.00849514,D:\OBM\CODES\AutoSEG\runs\detect\train146\results.csv
986,2201.01,5.86119,1.21495,0.71058,0.40381,0.23929,0.23781,0.07103,6.04886,1.17092,0.64104,1.55451e-06,1.55451e-06,1.55451e-06,D:\OBM\CODES\AutoSEG\runs\detect\train147\results.csv
600,1482.48,1.36992,0.34518,0.80455,0.72718,0.47899,0.58136,0.30175,1.48019,0.36802,0.79341,5.825e-05,5.825e-05,5.825e-05,D:\OBM\CODES\AutoSEG\runs\detect\train148\results.csv
100,424.609,3.19705,0.79575,0.8295,0.50998,0.23284,0.27844,0.11218,3.61981,0.87267,0.77753,0.000100222,0.000100222,0.000100222,D:\OBM\CODES\AutoSEG\runs\detect\train149\results.csv
360,1667.29,4.70818,0.95702,0.54378,0.50583,0.22709,0.27746,0.10528,4.85399,0.89947,0.52441,0.000742879,0.000742879,0.000742879,D:\OBM\CODES\AutoSEG\runs\detect\train15\results.csv
100,328.726,2.81873,0.73225,0.56104,0.64285,0.43726,0.50288,0.23055,3.04474,0.74441,0.54224,1.02443e-05,1.02443e-05,1.02443e-05,D:\OBM\CODES\AutoSEG\runs\detect\train150\results.csv
593,1854.08,2.74508,1.56061,1.08174,0.6444,0.44316,0.52815,0.23352,4.0924,2.34561,1.09314,0.000100395,0.000100395,0.000100395,D:\OBM\CODES\AutoSEG\runs\detect\train151\results.csv
600,1417.67,4.50896,1.15734,0.91274,0.40066,0.23833,0.25677,0.09725,4.57719,1.16498,0.88742,0.0001165,0.0001165,0.0001165,D:\OBM\CODES\AutoSEG\runs\detect\train152\results.csv
1000,2090.09,5.11663,1.8079,1.3576,0.2286,0.17957,0.14044,0.03769,5.63946,1.93046,1.31451,5.00122e-05,5.00122e-05,5.00122e-05,D:\OBM\CODES\AutoSEG\runs\detect\train153\results.csv
993,5349.08,2.94262,0.36209,0.53846,0.7567,0.49931,0.60808,0.33221,2.9497,0.33804,0.52816,2.31549e-06,2.31549e-06,2.31549e-06,D:\OBM\CODES\AutoSEG\runs\detect\train154\results.csv
800,8049.66,1.5225,0.4496,0.60574,0.72729,0.51953,0.59957,0.27889,1.76501,0.49436,0.58567,1.00385e-05,1.00385e-05,1.00385e-05,D:\OBM\CODES\AutoSEG\runs\detect\train155\results.csv
145,867.221,2.59985,0.96574,0.84887,0.72076,0.53858,0.62155,0.30673,2.75181,0.94769,0.82715,0.00184588,0.00184588,0.00184588,D:\OBM\CODES\AutoSEG\runs\detect\train156\results.csv
100,597.303,2.12442,0.85465,0.81474,0.53182,0.2397,0.29571,0.11684,2.16504,0.84818,0.78543,3.98e-05,3.98e-05,3.98e-05,D:\OBM\CODES\AutoSEG\runs\detect\train157\results.csv
1000,2994.82,3.34814,0.50114,0.54711,0.47747,0.23245,0.27233,0.10194,4.03308,0.60873,0.53225,9.995e-06,9.995e-06,9.995e-06,D:\OBM\CODES\AutoSEG\runs\detect\train158\results.csv
100,299.913,7.15712,3.25857,1.54379,0.01983,0.0324,0.01044,0.00231,7.58649,3.36441,1.46444,0.0001099,0.0001099,0.0001099,D:\OBM\CODES\AutoSEG\runs\detect\train159\results.csv
300,1156.8,4.9638,0.96662,0.7986,0.46838,0.20868,0.23745,0.08572,5.19241,1.01312,0.8028,1.33e-05,1.33e-05,1.33e-05,D:\OBM\CODES\AutoSEG\runs\detect\train16\results.csv
315,830.588,3.0943,0.82068,1.16754,0.57033,0.40349,0.44838,0.19366,3.31248,0.7983,1.11278,0.00388024,0.00388024,0.00388024,D:\OBM\CODES\AutoSEG\runs\detect\train160\results.csv
600,1560.24,2.11861,1.16831,0.81896,0.5482,0.23902,0.30323,0.11949,2.15381,1.21493,0.76267,0.0001165,0.0001165,0.0001165,D:\OBM\CODES\AutoSEG\runs\detect\train161\results.csv
100,281.464,5.56543,1.0153,0.81693,0.0856,0.13372,0.06265,0.01524,6.35852,1.16105,0.67249,0.000200444,0.000200444,0.000200444,D:\OBM\CODES\AutoSEG\runs\detect\train163\results.csv
300,2025.36,2.49474,0.91504,0.84002,0.69396,0.45593,0.54475,0.26359,2.80827,0.96892,0.80487,5.01357e-05,5.01357e-05,5.01357e-05,D:\OBM\CODES\AutoSEG\runs\detect\train164\results.csv
417,2430.3,1.84591,0.56538,1.06422,0.82143,0.6568,0.74831,0.38356,3.42148,0.98485,1.13822,0.00126823,0.00126823,0.00126823,D:\OBM\CODES\AutoSEG\runs\detect\train165\results.csv
431,749.791,9.48548,2.24526,0.84311,0.01892,0.03048,0.00999,0.00212,9.57355,2.38112,0.92821,0.00446819,0.00446819,0.00446819,D:\OBM\CODES\AutoSEG\runs\detect\train166\results.csv
100,484.065,8.50438,1.14085,1.77702,0.57584,0.38564,0.43979,0.18575,8.99068,1.0633,1.69059,0.0001099,0.0001099,0.0001099,D:\OBM\CODES\AutoSEG\runs\detect\train167\results.csv
100,528.623,3.23668,1.18156,0.60017,0.60604,0.38605,0.43261,0.17154,3.84463,1.27839,0.56984,0.000199,0.000199,0.000199,D:\OBM\CODES\AutoSEG\runs\detect\train168\results.csv
38,229.084,2.83261,1.03552,1.14464,0.66092,0.52499,0.58925,0.27142,2.94811,1.03484,1.12465,0.000667,0.000667,0.000667,D:\OBM\CODES\AutoSEG\runs\detect\train169\results.csv
30,58.2182,8.75335,2.16205,1.51229,0.00815,0.01098,0.00426,0.00116,9.66614,19.9297,1.48609,0.00635806,0.00085806,0.00085806,D:\OBM\CODES\AutoSEG\runs\detect\train17\results.csv
216,546.809,9.33413,1.32494,1.03789,0.01756,0.02869,0.00976,0.00229,9.43294,1.35537,0.98251,0.0040325,0.0040325,0.0040325,D:\OBM\CODES\AutoSEG\runs\detect\train170\results.csv
79,294.348,1.81196,1.10488,0.85567,0.58063,0.37891,0.4238,0.16024,2.15251,1.25796,0.83789,0.0009298,0.0009298,0.0009298,D:\OBM\CODES\AutoSEG\runs\detect\train171\results.csv
403,2266.79,2.05882,0.32478,1.08093,0.76915,0.57634,0.67835,0.37526,2.30978,0.35176,1.07789,0.000996005,0.000996005,0.000996005,D:\OBM\CODES\AutoSEG\runs\detect\train172\results.csv
144,695.195,4.17466,1.03453,0.81939,0.4509,0.21115,0.23905,0.08285,4.30149,0.9992,0.8113,0.000761905,0.000761905,0.000761905,D:\OBM\CODES\AutoSEG\runs\detect\train173\results.csv
1000,4413.64,2.10835,0.53503,2.11614,0.80197,0.59143,0.7135,0.45565,2.37516,0.58451,2.11278,2.198e-05,2.198e-05,2.198e-05,D:\OBM\CODES\AutoSEG\runs\detect\train174\results.csv
300,1060.81,1.91616,0.54824,0.9274,0.63371,0.41269,0.46773,0.18333,2.3363,0.63483,0.95595,0.000200049,0.000200049,0.000200049,D:\OBM\CODES\AutoSEG\runs\detect\train175\results.csv
214,566.16,5.33728,1.70612,0.68193,0.52808,0.39292,0.43565,0.16933,5.05878,1.54243,0.64685,0.0008083,0.0008083,0.0008083,D:\OBM\CODES\AutoSEG\runs\detect\train176\results.csv
18,77.0747,2.6462,0.63054,0.85326,0.34471,0.15628,0.17167,0.05187,2.74259,0.98969,0.81861,0.00103,0.00103,0.00103,D:\OBM\CODES\AutoSEG\runs\detect\train177\results.csv
26,151.316,3.01762,0.49277,0.59338,0.68275,0.50934,0.56609,0.24461,3.25299,0.51024,0.57288,0.00199519,0.00199519,0.00199519,D:\OBM\CODES\AutoSEG\runs\detect\train178\results.csv
107,565.309,3.64528,0.88771,2.24574,0.68882,0.48243,0.57309,0.26362,3.85689,1.02192,2.25224,0.00191546,0.00191546,0.00191546,D:\OBM\CODES\AutoSEG\runs\detect\train179\results.csv
63,248.188,2.68907,0.62479,1.12794,0.43466,0.18506,0.20959,0.06828,2.63676,0.61185,1.07525,0.00492634,0.00492634,0.00492634,D:\OBM\CODES\AutoSEG\runs\detect\train18\results.csv
600,1934.15,2.37702,0.61703,0.60523,0.49253,0.29997,0.33316,0.12808,2.44245,0.63947,0.58897,2.33e-05,2.33e-05,2.33e-05,D:\OBM\CODES\AutoSEG\runs\detect\train180\results.csv
600,1527.37,2.60201,1.61969,1.45956,0.35976,0.23627,0.22713,0.07,2.96871,1.80284,1.35734,1.00685e-06,1.00685e-06,1.00685e-06,D:\OBM\CODES\AutoSEG\runs\detect\train181\results.csv
20,90.7284,6.69132,0.85066,0.8966,0,0,0,0,0,0,0,0.026289,0.00578902,0.00578902,D:\OBM\CODES\AutoSEG\runs\detect\train182\results.csv
100,328.471,4.10165,0.72161,0.71515,0.45223,0.32194,0.33958,0.11499,4.65353,0.7952,0.68157,0.0001099,0.0001099,0.0001099,D:\OBM\CODES\AutoSEG\runs\detect\train183\results.csv
1000,61722,2.58028,0.64577,0.82102,0.81817,0.65976,0.74692,0.41459,2.27599,0.61882,0.82769,0.000100024,0.000100024,0.000100024,D:\OBM\CODES\AutoSEG\runs\detect\train184\results.csv
30,113.113,1.65621,1.07944,1.16026,0.61638,0.46014,0.48894,0.16994,2.04209,1.36382,1.159,0.0228474,0.000847413,0.000847413,D:\OBM\CODES\AutoSEG\runs\detect\train185\results.csv
100,242.018,5.19184,1.86525,1.06907,0.22827,0.16351,0.13403,0.03788,5.76846,2.18393,0.96536,0.00050111,0.00050111,0.00050111,D:\OBM\CODES\AutoSEG\runs\detect\train186\results.csv
300,839.719,3.77535,1.34144,0.85231,0.49122,0.20677,0.23641,0.08249,4.27541,1.46692,0.79774,1.02739e-05,1.02739e-05,1.02739e-05,D:\OBM\CODES\AutoSEG\runs\detect\train187\results.csv
100,706.119,3.20401,0.71062,0.57022,0.77161,0.57757,0.67615,0.35088,3.4018,0.71859,0.56935,0.000200444,0.000200444,0.000200444,D:\OBM\CODES\AutoSEG\runs\detect\train188\results.csv
4,47.0522,4.75358,1.2553,1.25625,0.13318,0.11807,0.06149,0.01664,5.74646,36.638,1.29311,0.0456,0.00109998,0.00109998,D:\OBM\CODES\AutoSEG\runs\detect\train189\results.csv
800,2654.04,6.62269,1.7829,1.63493,0.7071,0.46632,0.57108,0.29516,6.95281,1.84809,1.60108,0.000100038,0.000100038,0.000100038,D:\OBM\CODES\AutoSEG\runs\detect\train19\results.csv
1000,3837.55,7.41795,1.81582,1.64304,0.50199,0.23339,0.28752,0.11336,7.70504,1.77795,1.5709,1.099e-05,1.099e-05,1.099e-05,D:\OBM\CODES\AutoSEG\runs\detect\train190\results.csv
40,167.258,12.5042,3.62782,1.72175,0.34285,0.16392,0.15736,0.04478,12.7955,3.51901,1.65854,0.0017426,0.0017426,0.0017426,D:\OBM\CODES\AutoSEG\runs\detect\train191\results.csv
158,692.218,5.14308,0.829,1.73063,0.72137,0.52471,0.62009,0.31821,5.75018,0.85544,1.65457,0.000517043,0.000517043,0.000517043,D:\OBM\CODES\AutoSEG\runs\detect\train193\results.csv
373,1683.68,3.13258,0.49783,0.83087,0.7091,0.46966,0.56358,0.27522,2.85081,0.41873,0.80797,0.000726118,0.000726118,0.000726118,D:\OBM\CODES\AutoSEG\runs\detect\train194\results.csv
100,304.271,3.72493,1.09258,1.42825,0.48139,0.35255,0.3837,0.13686,4.37952,1.23066,1.31439,0.0001099,0.0001099,0.0001099,D:\OBM\CODES\AutoSEG\runs\detect\train195\results.csv
1000,4373.63,2.88353,0.7254,1.65812,0.76281,0.55011,0.65219,0.33528,3.32232,0.81438,1.6624,0.0001099,0.0001099,0.0001099,D:\OBM\CODES\AutoSEG\runs\detect\train196\results.csv
300,851.664,4.89732,0.69485,1.38931,0.44787,0.32125,0.32864,0.11562,5.56435,0.74274,1.3867,0.000515,0.000515,0.000515,D:\OBM\CODES\AutoSEG\runs\detect\train197\results.csv
800,12889.9,1.68876,0.52149,1.05806,0.8706,0.70384,0.81173,0.53392,2.14562,0.60883,1.06997,5.61875e-05,5.61875e-05,5.61875e-05,D:\OBM\CODES\AutoSEG\runs\detect\train198\results.csv
3,18.4358,5.83969,3.14112,0.7828,0.13437,0.04407,0.03315,0.01057,5.65286,2.06367,0.68695,0.08385,0.000849977,0.000849977,D:\OBM\CODES\AutoSEG\runs\detect\train200\results.csv
797,1412.39,1.91807,0.87219,0.60026,0.55573,0.31598,0.37314,0.15261,2.27445,0.99247,0.56957,0.002836,0.002836,0.002836,D:\OBM\CODES\AutoSEG\runs\detect\train201\results.csv
300,1181.75,7.4511,0.8926,1.11337,0.63384,0.43355,0.51139,0.24623,7.82064,0.91388,1.09814,5.13694e-06,5.13694e-06,5.13694e-06,D:\OBM\CODES\AutoSEG\runs\detect\train202\results.csv
553,1682.01,4.62817,1.22839,0.82276,0.53548,0.2629,0.31216,0.12302,4.43744,1.23758,0.7596,0.002516,0.002516,0.002516,D:\OBM\CODES\AutoSEG\runs\detect\train203\results.csv
499,2124.95,7.3288,2.40838,1.09405,0.50647,0.236,0.28966,0.10758,8.13648,2.64408,1.06182,0.0011036,0.0011036,0.0011036,D:\OBM\CODES\AutoSEG\runs\detect\train204\results.csv
300,1510.82,2.86442,0.79643,0.54784,0.75956,0.59634,0.68599,0.37736,2.90226,0.80958,0.54534,0.000100271,0.000100271,0.000100271,D:\OBM\CODES\AutoSEG\runs\detect\train205\results.csv
22,105.958,2.46607,1.0934,0.92571,0.33956,0.10969,0.12164,0.03516,3.13697,1.53976,0.83668,0.00125455,0.00125455,0.00125455,D:\OBM\CODES\AutoSEG\runs\detect\train207\results.csv
800,4606.02,3.09574,0.81314,2.32774,0.71046,0.52718,0.61584,0.3158,3.3783,0.85287,2.22288,5.01926e-06,5.01926e-06,5.01926e-06,D:\OBM\CODES\AutoSEG\runs\detect\train208\results.csv
1000,5629.01,3.14939,1.27118,1.64752,0.7104,0.46812,0.57764,0.29337,3.30707,1.29447,1.61628,0.0001009,0.0001009,0.0001009,D:\OBM\CODES\AutoSEG\runs\detect\train209\results.csv
600,2401.32,2.80073,0.90706,0.7962,0.69653,0.45964,0.55394,0.25742,3.01784,1.01979,0.81503,1.00685e-05,1.00685e-05,1.00685e-05,D:\OBM\CODES\AutoSEG\runs\detect\train21\results.csv
15,51.2714,3.92422,1.29012,0.89184,0,0,0,0,nan,nan,nan,0.0603764,0.00437642,0.00437642,D:\OBM\CODES\AutoSEG\runs\detect\train210\results.csv
800,3727.34,2.53522,0.30636,1.06238,0.75815,0.51729,0.62814,0.35135,2.8194,0.33489,1.05055,2.24875e-05,2.24875e-05,2.24875e-05,D:\OBM\CODES\AutoSEG\runs\detect\train211\results.csv
1000,2822.45,3.14654,0.45592,0.60868,0.70109,0.53709,0.60242,0.29526,3.55576,0.46202,0.60021,0.000500011,0.000500011,0.000500011,D:\OBM\CODES\AutoSEG\runs\detect\train213\results.csv
292,912.493,2.92739,0.78875,1.06268,0.42707,0.17614,0.18856,0.06038,2.75521,0.71462,1.05608,0.0051985,0.0051985,0.0051985,D:\OBM\CODES\AutoSEG\runs\detect\train214\results.csv
100,403.853,6.03022,1.95823,1.176,0.31001,0.27746,0.22917,0.06802,6.51543,1.91618,1.09487,0.000199,0.000199,0.000199,D:\OBM\CODES\AutoSEG\runs\detect\train215\results.csv
600,2245.89,1.50131,0.37624,0.81469,0.67761,0.45854,0.52706,0.23041,1.89596,0.48585,0.83272,0.001015,0.001015,0.001015,D:\OBM\CODES\AutoSEG\runs\detect\train216\results.csv
600,2335.53,3.54274,0.81226,0.78057,0.6065,0.25563,0.33204,0.14391,3.29159,0.80601,0.76196,0.000500031,0.000500031,0.000500031,D:\OBM\CODES\AutoSEG\runs\detect\train217\results.csv
1000,4703.98,1.85028,0.29587,0.80542,0.82688,0.6134,0.72646,0.43763,1.95317,0.29982,0.79603,0.000500011,0.000500011,0.000500011,D:\OBM\CODES\AutoSEG\runs\detect\train218\results.csv
300,1283.76,4.17564,0.66005,1.11532,0.82981,0.6252,0.73643,0.43323,4.74694,0.70553,1.10293,1.00271e-05,1.00271e-05,1.00271e-05,D:\OBM\CODES\AutoSEG\runs\detect\train219\results.csv
600,3077.68,2.64945,1.52855,1.66653,0.73638,0.54819,0.64542,0.32945,3.49679,1.96439,1.67007,2.665e-05,2.665e-05,2.665e-05,D:\OBM\CODES\AutoSEG\runs\detect\train22\results.csv
800,2551.4,2.37262,0.91596,0.73,0.57171,0.24025,0.31399,0.1251,2.18545,0.88517,0.76264,0.000112375,0.000112375,0.000112375,D:\OBM\CODES\AutoSEG\runs\detect\train220\results.csv
313,1021.37,9.10872,3.33796,1.05107,0.01697,0.02773,0.00949,0.0021,9.62641,3.27051,0.92586,0.006697,0.006697,0.006697,D:\OBM\CODES\AutoSEG\runs\detect\train221\results.csv
100,580.123,5.21451,1.84921,1.14302,0.38743,0.14511,0.14636,0.04245,5.22481,1.81276,1.11516,1.24647e-05,1.24647e-05,1.24647e-05,D:\OBM\CODES\AutoSEG\runs\detect\train223\results.csv
300,854.738,2.20197,0.61324,0.63125,0.52258,0.33391,0.3709,0.13812,2.46308,0.65546,0.62523,2.00543e-05,2.00543e-05,2.00543e-05,D:\OBM\CODES\AutoSEG\runs\detect\train224\results.csv
59,173.399,13.141,2.68343,2.21818,0.30726,0.14649,0.13917,0.03967,13.1891,7.03389,2.19467,0.00471029,0.00471029,0.00471029,D:\OBM\CODES\AutoSEG\runs\detect\train225\results.csv
276,2561.57,2.38565,0.38027,0.56217,0.82965,0.65294,0.75452,0.44156,2.12292,0.34193,0.54775,0.000185,0.000185,0.000185,D:\OBM\CODES\AutoSEG\runs\detect\train226\results.csv
600,9434.65,2.48245,0.62978,2.19165,0.83478,0.66172,0.76272,0.46165,2.61714,0.668,2.18853,5.03424e-06,5.03424e-06,5.03424e-06,D:\OBM\CODES\AutoSEG\runs\detect\train227\results.csv
600,2413.84,2.1064,0.76171,1.11305,0.79998,0.65615,0.74784,0.4381,2.15279,0.7919,1.09656,2.665e-05,2.665e-05,2.665e-05,D:\OBM\CODES\AutoSEG\runs\detect\train228\results.csv
82,5274.9,8.47509,1.84702,1.15892,0.74923,0.58745,0.67108,0.32735,7.41211,1.70361,1.13758,0.00086635,0.00086635,0.00086635,D:\OBM\CODES\AutoSEG\runs\detect\train229\results.csv
66,419.939,3.86738,1.41382,0.88692,0.55119,0.42188,0.44709,0.17705,3.92147,1.4715,0.90493,0.003565,0.003565,0.003565,D:\OBM\CODES\AutoSEG\runs\detect\train23\results.csv
600,2743.52,7.56334,1.52065,2.23643,0.69269,0.4492,0.53973,0.26305,7.56313,1.45551,2.18002,1.00685e-05,1.00685e-05,1.00685e-05,D:\OBM\CODES\AutoSEG\runs\detect\train230\results.csv
3,9.87805,4.53085,1.30447,0.63207,0.09964,0.15486,0.05666,0.01558,5.78651,23.7344,0.65131,0.0467984,0.000798416,0.000798416,D:\OBM\CODES\AutoSEG\runs\detect\train231\results.csv
281,1156.73,1.34298,0.86535,1.14593,0.78009,0.60022,0.70417,0.39035,1.37493,0.84438,1.10531,0.000208169,0.000208169,0.000208169,D:\OBM\CODES\AutoSEG\runs\detect\train232\results.csv
278,1205.64,9.05962,3.63032,1.17877,0,0,0,0,18.0004,inf,7.99088,0.00361638,0.00361638,0.00361638,D:\OBM\CODES\AutoSEG\runs\detect\train233\results.csv
58,107.059,3.52619,2.46484,0.87568,0.1406,0.09281,0.06032,0.01454,3.78745,10.1098,0.7803,0.00988774,0.00988774,0.00988774,D:\OBM\CODES\AutoSEG\runs\detect\train234\results.csv
58,354.984,3.89894,0.81246,0.56894,0.67512,0.4584,0.53428,0.22843,4.06808,0.8832,0.5732,0.00162038,0.00162038,0.00162038,D:\OBM\CODES\AutoSEG\runs\detect\train235\results.csv
207,683.41,3.51212,0.72903,1.13387,0.64668,0.43572,0.51853,0.25267,3.6393,0.70271,1.07183,0.00076825,0.00076825,0.00076825,D:\OBM\CODES\AutoSEG\runs\detect\train236\results.csv
236,1399.45,2.3119,0.36627,0.83317,0.76446,0.57033,0.66619,0.36482,2.37145,0.36773,0.81195,0.00153047,0.00153047,0.00153047,D:\OBM\CODES\AutoSEG\runs\detect\train237\results.csv
470,2662.97,4.34993,2.69045,2.26718,0.65614,0.42889,0.51784,0.23529,3.7974,2.15416,2.17515,0.00274535,0.00274535,0.00274535,D:\OBM\CODES\AutoSEG\runs\detect\train238\results.csv
100,334.281,3.34868,0.52061,0.57294,0.41914,0.20579,0.21657,0.07604,4.42019,0.66486,0.53755,0.000200444,0.000200444,0.000200444,D:\OBM\CODES\AutoSEG\runs\detect\train239\results.csv
300,987.06,3.4047,1.04454,0.88654,0.63743,0.43067,0.49256,0.22307,3.86871,1.06164,0.81758,0.000500123,0.000500123,0.000500123,D:\OBM\CODES\AutoSEG\runs\detect\train241\results.csv
800,2045.65,2.17772,0.89547,0.59583,0.55534,0.28748,0.34942,0.14399,2.32198,0.97006,0.58218,1.12437e-05,1.12437e-05,1.12437e-05,D:\OBM\CODES\AutoSEG\runs\detect\train242\results.csv
100,2746.76,1.42708,0.6544,0.86631,0.74884,0.60297,0.68362,0.34761,1.45538,0.66632,0.8432,5.495e-05,5.495e-05,5.495e-05,D:\OBM\CODES\AutoSEG\runs\detect\train243\results.csv
564,3112.29,1.51069,0.64768,0.54296,0.75733,0.47611,0.59414,0.3077,1.52985,0.62205,0.53447,0.000313025,0.000313025,0.000313025,D:\OBM\CODES\AutoSEG\runs\detect\train244\results.csv
3,11.0571,0.89396,2.72683,0.17703,0,0,0,0,0.13178,2.47022,0.02532,0.16634,0.00034,0.00034,D:\OBM\CODES\AutoSEG\runs\detect\train245\results.csv
2,4.79283,7.41252,10.8186,2.83504,0,0,0,0,0.42978,10.1188,0.15513,5.005e-05,5.005e-05,5.005e-05,D:\OBM\CODES\AutoSEG\runs\detect\train246\results.csv
2,7.66628,2.23657,11.4919,0.87096,0,0,0,0,0.26216,13.4866,0.09458,0.00011011,0.00011011,0.00011011,D:\OBM\CODES\AutoSEG\runs\detect\train247\results.csv
3,9.79589,3.21415,31.7985,2.77208,0,0,0,0,0.2529,23.6177,0.20871,0.092026,2.6e-05,2.6e-05,D:\OBM\CODES\AutoSEG\runs\detect\train248\results.csv
2,58.2004,0.19612,5.60304,0.12912,0,0,0,0,0.15077,6.07219,0.09335,0.00011011,0.00011011,0.00011011,D:\OBM\CODES\AutoSEG\runs\detect\train249\results.csv
2,11.2465,4.54815,5.23511,1.08527,0,0,0,0,3.42302,1.54451,0.62197,0.178278,0.00027775,0.00027775,D:\OBM\CODES\AutoSEG\runs\detect\train250\results.csv
3,9.34358,7.52968,2.30192,2.2267,0,0,0,0,9.8581,3.0452,2.71569,0.0832189,0.000218875,0.000218875,D:\OBM\CODES\AutoSEG\runs\detect\train251\results.csv
2,4.90616,3.53243,11.807,0.88112,0,0,0,0,0.42962,10.1188,0.10338,5.5e-05,5.5e-05,5.5e-05,D:\OBM\CODES\AutoSEG\runs\detect\train252\results.csv
2,4.92718,1.98841,17.0613,0.8197,0,0,0,0,1.43989,16.802,0.50751,0.0477525,0.0002525,0.0002525,D:\OBM\CODES\AutoSEG\runs\detect\train253\results.csv
500,2408.7,1.86241,0.72745,0.54144,0.64028,0.2592,0.36015,0.15466,1.91499,0.81256,0.50347,0.000200018,0.000200018,0.000200018,D:\OBM\CODES\AutoSEG\runs\detect\train255\results.csv
941,5802.55,2.89001,0.70802,0.79419,0.58899,0.26812,0.3497,0.14199,3.66612,0.89156,0.78024,0.000347,0.000347,0.000347,D:\OBM\CODES\AutoSEG\runs\detect\train256\results.csv
354,1136.85,3.51219,0.55277,0.57136,0.52391,0.24822,0.29353,0.11066,3.81963,0.56099,0.52294,0.00647353,0.00647353,0.00647353,D:\OBM\CODES\AutoSEG\runs\detect\train257\results.csv
800,3245.61,1.0157,0.65892,0.80791,0.82673,0.6723,0.77788,0.48063,1.13451,0.69245,0.80575,1.00038e-05,1.00038e-05,1.00038e-05,D:\OBM\CODES\AutoSEG\runs\detect\train26\results.csv
97,253.362,3.81666,0.48854,0.60901,0.66127,0.4698,0.53441,0.2307,4.04442,0.49503,0.56765,0.00768145,0.00768145,0.00768145,D:\OBM\CODES\AutoSEG\runs\detect\train27\results.csv
191,547.028,4.50004,1.61992,1.58097,0.01293,0.01963,0.00677,0.00148,4.53274,1.45166,1.38104,0.00829,0.00829,0.00829,D:\OBM\CODES\AutoSEG\runs\detect\train28\results.csv
88,232.942,3.33843,0.93899,1.2392,0.21122,0.29984,0.22073,0.08467,4.07695,1.79955,1.15271,0.009217,0.009217,0.009217,D:\OBM\CODES\AutoSEG\runs\detect\train29\results.csv
600,1540.53,1.92694,1.17959,0.60835,0.68733,0.4422,0.51323,0.21642,2.05507,1.20731,0.57967,5.03424e-06,5.03424e-06,5.03424e-06,D:\OBM\CODES\AutoSEG\runs\detect\train3\results.csv
100,420.517,7.66877,2.533,1.6473,0.43794,0.21211,0.24012,0.08498,8.66918,2.94272,1.60393,1.24647e-06,1.24647e-06,1.24647e-06,D:\OBM\CODES\AutoSEG\runs\detect\train30\results.csv
17,62.1408,4.58485,0.9247,0.59992,0.47752,0.31672,0.32021,0.10528,5.43082,1.5214,0.57541,0.02928,0.00428,0.00428,D:\OBM\CODES\AutoSEG\runs\detect\train31\results.csv
300,1510.27,4.33227,1.51024,1.64826,0.80193,0.60516,0.70706,0.36599,5.89632,2.0132,1.71747,5.01357e-05,5.01357e-05,5.01357e-05,D:\OBM\CODES\AutoSEG\runs\detect\train33\results.csv
35,76.6568,3.7082,1.89025,1.59929,0.01671,0.02691,0.00943,0.00259,4.29064,10.2994,1.68411,0.00199431,0.00199431,0.00199431,D:\OBM\CODES\AutoSEG\runs\detect\train34\results.csv
668,3457.95,3.84733,0.60479,2.16277,0.81225,0.6307,0.72419,0.37697,5.99548,0.88847,2.26762,0.000649184,0.000649184,0.000649184,D:\OBM\CODES\AutoSEG\runs\detect\train35\results.csv
203,1139.06,2.24946,0.36201,0.549,0.69883,0.50467,0.58375,0.28264,2.97879,0.49809,0.56207,0.00697,0.00697,0.00697,D:\OBM\CODES\AutoSEG\runs\detect\train36\results.csv
100,372.168,2.08846,0.55434,1.1535,0.43599,0.20909,0.22553,0.08139,2.44238,0.59867,1.04001,1.02443e-05,1.02443e-05,1.02443e-05,D:\OBM\CODES\AutoSEG\runs\detect\train37\results.csv
600,4841.23,2.07407,0.55155,0.83749,0.83109,0.66539,0.76974,0.4614,2.09462,0.55103,0.81889,0.000203,0.000203,0.000203,D:\OBM\CODES\AutoSEG\runs\detect\train38\results.csv
300,1599.17,2.6755,1.08883,0.54689,0.42732,0.17298,0.18189,0.05774,2.84505,1.09217,0.5503,0.00103,0.00103,0.00103,D:\OBM\CODES\AutoSEG\runs\detect\train39\results.csv
82,244.761,5.00972,2.00239,1.43219,0.35649,0.28693,0.27902,0.09197,4.9242,1.87908,1.40801,0.000955951,0.000955951,0.000955951,D:\OBM\CODES\AutoSEG\runs\detect\train4\results.csv
5,12.2368,8.37536,14.4902,2.23391,0,0,0,0,4.88337,3.01626,1.20859,0.17214,0.000139992,0.000139992,D:\OBM\CODES\AutoSEG\runs\detect\train40\results.csv
100,422.531,4.38146,1.51921,0.84531,0.46656,0.19948,0.21675,0.07299,4.53937,1.47999,0.81122,0.00109,0.00109,0.00109,D:\OBM\CODES\AutoSEG\runs\detect\train41\results.csv
3,17.9338,2.69536,2.08697,1.09358,0.37014,0.21403,0.19102,0.06036,2.75853,1.51568,0.94083,0.166847,0.000847195,0.000847195,D:\OBM\CODES\AutoSEG\runs\detect\train42\results.csv
1000,5357.51,2.23677,0.5006,0.5435,0.80605,0.60081,0.71533,0.42598,2.53092,0.51798,0.53321,1.999e-05,1.999e-05,1.999e-05,D:\OBM\CODES\AutoSEG\runs\detect\train43\results.csv
1000,4032.76,1.1215,0.49357,0.77841,0.86952,0.67875,0.80287,0.54658,1.60043,0.60377,0.79573,0.000100002,0.000100002,0.000100002,D:\OBM\CODES\AutoSEG\runs\detect\train44\results.csv
600,1854.08,1.91656,1.14333,0.89309,0.66315,0.44591,0.51749,0.22658,2.00472,1.19733,0.87775,2.33e-05,2.33e-05,2.33e-05,D:\OBM\CODES\AutoSEG\runs\detect\train45\results.csv
800,2384.66,1.70876,0.47742,0.88978,0.75562,0.54023,0.62668,0.30652,1.73347,0.48501,0.87349,0.000200007,0.000200007,0.000200007,D:\OBM\CODES\AutoSEG\runs\detect\train46\results.csv
668,2940.14,1.10922,0.50799,0.53323,0.733,0.5427,0.64754,0.3259,1.62736,0.68881,0.55742,0.000675938,0.000675938,0.000675938,D:\OBM\CODES\AutoSEG\runs\detect\train47\results.csv
600,1781.57,1.86116,0.77554,0.56103,0.62935,0.4098,0.46898,0.19934,1.95742,0.8331,0.54937,0.0001015,0.0001015,0.0001015,D:\OBM\CODES\AutoSEG\runs\detect\train48\results.csv
800,3415.11,1.69737,0.4111,1.07425,0.73132,0.47196,0.57498,0.28836,1.59027,0.39363,1.0693,2.00076e-05,2.00076e-05,2.00076e-05,D:\OBM\CODES\AutoSEG\runs\detect\train49\results.csv
37,133.827,5.56203,1.04991,0.60356,0.35122,0.16049,0.14538,0.04468,6.10094,1.27731,0.54847,0.0547279,0.000727901,0.000727901,D:\OBM\CODES\AutoSEG\runs\detect\train5\results.csv
1000,2908.05,3.25321,0.92709,1.09297,0.65255,0.45638,0.53191,0.26608,3.43323,0.92714,1.06754,1.00024e-05,1.00024e-05,1.00024e-05,D:\OBM\CODES\AutoSEG\runs\detect\train50\results.csv
963,2357.89,5.98933,1.448,1.06688,0.52165,0.24217,0.3166,0.12026,7.72987,1.86154,1.04391,6.76156e-05,6.76156e-05,6.76156e-05,D:\OBM\CODES\AutoSEG\runs\detect\train51\results.csv
556,2411.33,4.20981,1.14125,1.11358,0.54415,0.24478,0.30074,0.11968,4.55553,1.19924,1.03033,2.36769e-05,2.36769e-05,2.36769e-05,D:\OBM\CODES\AutoSEG\runs\detect\train52\results.csv
800,3245.88,3.4456,1.92387,2.14991,0.69979,0.47405,0.57773,0.29098,3.40538,1.82527,2.14259,0.000112375,0.000112375,0.000112375,D:\OBM\CODES\AutoSEG\runs\detect\train53\results.csv
75,388.839,6.45309,2.69724,0.98182,0,0,0,0,nan,nan,nan,0.0092674,0.0092674,0.0092674,D:\OBM\CODES\AutoSEG\runs\detect\train54\results.csv
100,401.741,3.08339,0.84521,1.16917,0.69573,0.52015,0.60474,0.29413,3.49855,0.90379,1.11509,3.98e-05,3.98e-05,3.98e-05,D:\OBM\CODES\AutoSEG\runs\detect\train55\results.csv
2,8.98295,2.75259,1.37025,1.21053,0.00896,0.01414,0.0044,0.00091,4.53035,2051.08,1.49495,0.0900988,0.00109876,0.00109876,D:\OBM\CODES\AutoSEG\runs\detect\train56\results.csv
300,1348.34,5.99448,1.83173,2.33104,0.74742,0.58471,0.67796,0.35732,6.89071,1.97567,2.26671,4.33e-06,4.33e-06,4.33e-06,D:\OBM\CODES\AutoSEG\runs\detect\train57\results.csv
294,1634.63,1.71278,0.72148,1.07795,0.72506,0.48008,0.57715,0.28226,1.61332,0.65054,1.07097,0.00056649,0.00056649,0.00056649,D:\OBM\CODES\AutoSEG\runs\detect\train58\results.csv
40,228.396,2.16313,0.56423,1.1385,0.42889,0.26881,0.27117,0.09403,2.55988,0.66871,1.13306,0.001766,0.001766,0.001766,D:\OBM\CODES\AutoSEG\runs\detect\train59\results.csv
38,92.1763,5.44433,1.17584,0.93415,0.0128,0.00426,0.00203,0.00056,10.7009,21.8974,0.88765,0.0506584,0.000658425,0.000658425,D:\OBM\CODES\AutoSEG\runs\detect\train6\results.csv
7,29.801,4.07164,1.93494,1.34326,0,0,0,0,nan,nan,nan,0.161985,0.00198515,0.00198515,D:\OBM\CODES\AutoSEG\runs\detect\train60\results.csv
719,2620.94,4.81459,1.69046,1.1214,0.7127,0.53947,0.62953,0.32334,5.78567,1.94456,1.11496,0.00265343,0.00265343,0.00265343,D:\OBM\CODES\AutoSEG\runs\detect\train61\results.csv
600,3085.58,2.02732,0.8751,2.16388,0.79997,0.56645,0.69586,0.4355,2.52412,1.02787,2.15195,0.0001015,0.0001015,0.0001015,D:\OBM\CODES\AutoSEG\runs\detect\train62\results.csv
65,281.652,3.23909,0.8878,1.17823,0.69089,0.51469,0.58463,0.26465,3.09253,0.82577,1.12538,0.001792,0.001792,0.001792,D:\OBM\CODES\AutoSEG\runs\detect\train63\results.csv
300,657.846,2.20404,1.40286,0.67039,0.43771,0.24945,0.26922,0.09071,2.77288,1.54855,0.59804,0.000500123,0.000500123,0.000500123,D:\OBM\CODES\AutoSEG\runs\detect\train64\results.csv
1000,3404.34,3.32478,1.08342,0.9714,0.71892,0.51936,0.60067,0.27308,4.06503,1.14476,0.90167,5.495e-05,5.495e-05,5.495e-05,D:\OBM\CODES\AutoSEG\runs\detect\train65\results.csv
300,848.487,4.67681,1.42005,0.93747,0.50973,0.31315,0.35832,0.13212,5.38893,1.63616,0.93501,0.000100271,0.000100271,0.000100271,D:\OBM\CODES\AutoSEG\runs\detect\train66\results.csv
800,2577.42,2.11641,0.89641,0.60621,0.50613,0.32304,0.35714,0.13721,2.40153,0.95572,0.58136,0.000100003,0.000100003,0.000100003,D:\OBM\CODES\AutoSEG\runs\detect\train67\results.csv
300,1021.29,5.07927,1.49493,0.64528,0.4492,0.31549,0.32653,0.11933,5.66078,1.65031,0.64522,1.02739e-06,1.02739e-06,1.02739e-06,D:\OBM\CODES\AutoSEG\runs\detect\train68\results.csv
1000,4390.66,6.48255,1.90967,1.15462,0.7774,0.59995,0.69547,0.37848,6.57958,1.8597,1.12881,1.099e-05,1.099e-05,1.099e-05,D:\OBM\CODES\AutoSEG\runs\detect\train69\results.csv
127,261.064,6.48221,1.43549,1.33551,0.29057,0.20909,0.18158,0.04932,6.67462,1.55868,1.2396,0.000844075,0.000844075,0.000844075,D:\OBM\CODES\AutoSEG\runs\detect\train7\results.csv
16,64.3049,4.51796,1.07773,1.18079,0.18422,0.08677,0.05912,0.01669,5.80003,2.01743,1.14528,0.000799141,0.000799141,0.000799141,D:\OBM\CODES\AutoSEG\runs\detect\train70\results.csv
600,4268.76,6.14891,0.79514,1.69548,0.77348,0.59171,0.68642,0.36598,6.95592,0.87001,1.70199,1.00685e-06,1.00685e-06,1.00685e-06,D:\OBM\CODES\AutoSEG\runs\detect\train71\results.csv
6,31.1394,3.93812,5.08125,0.93919,0,0,0,0,nan,nan,nan,0.167699,0.00169885,0.00169885,D:\OBM\CODES\AutoSEG\runs\detect\train73\results.csv
300,3255.09,2.59531,0.76662,0.8128,0.82754,0.58361,0.68981,0.38099,2.79116,0.79839,0.80918,8.66e-06,8.66e-06,8.66e-06,D:\OBM\CODES\AutoSEG\runs\detect\train74\results.csv
513,1949.96,2.78568,0.35517,0.54364,0.75687,0.57139,0.65805,0.3314,3.41036,0.42153,0.55611,0.00116,0.00116,0.00116,D:\OBM\CODES\AutoSEG\runs\detect\train75\results.csv
300,1317.26,3.88431,0.97847,2.15403,0.72898,0.54091,0.63168,0.30513,6.27522,1.53793,2.23461,2.66e-05,2.66e-05,2.66e-05,D:\OBM\CODES\AutoSEG\runs\detect\train76\results.csv
119,359.447,6.523,2.20142,1.12743,0.60427,0.38001,0.44438,0.17713,7.71669,2.62064,1.13443,0.00664769,0.00664769,0.00664769,D:\OBM\CODES\AutoSEG\runs\detect\train77\results.csv
800,2629.02,1.33709,0.80812,0.5441,0.73673,0.48806,0.59414,0.29891,1.5275,0.86584,0.53319,5.61875e-05,5.61875e-05,5.61875e-05,D:\OBM\CODES\AutoSEG\runs\detect\train78\results.csv
100,228.24,7.4982,1.69828,1.01346,0.049,0.07775,0.03245,0.00777,8.2283,1.97083,0.88022,5.495e-05,5.495e-05,5.495e-05,D:\OBM\CODES\AutoSEG\runs\detect\train79\results.csv
374,1817.04,2.07659,0.49565,1.07648,0.58375,0.2581,0.33079,0.1347,2.05831,0.48263,1.02432,0.00276681,0.00276681,0.00276681,D:\OBM\CODES\AutoSEG\runs\detect\train8\results.csv
100,531.97,2.90276,0.79176,1.17107,0.69513,0.51798,0.58324,0.26938,3.06337,0.77623,1.1297,9.95e-05,9.95e-05,9.95e-05,D:\OBM\CODES\AutoSEG\runs\detect\train80\results.csv
300,897.118,5.30551,0.69199,0.96313,0.54702,0.37286,0.42101,0.16458,4.89827,0.63281,0.98786,0.000100271,0.000100271,0.000100271,D:\OBM\CODES\AutoSEG\runs\detect\train81\results.csv
5,21.4434,6.03572,1.34977,0.88808,0.29257,0.12397,0.10383,0.0292,6.53115,3.29509,0.83955,0.00027832,0.00027832,0.00027832,D:\OBM\CODES\AutoSEG\runs\detect\train82\results.csv
19,64.8976,8.40714,1.34367,1.83303,0,0,0,0,11.6112,6.79497,3.45023,0.00109483,0.00109483,0.00109483,D:\OBM\CODES\AutoSEG\runs\detect\train83\results.csv
727,3463.07,1.33257,0.80037,0.53558,0.70697,0.47464,0.57978,0.26664,1.80212,1.03621,0.54445,0.00182342,0.00182342,0.00182342,D:\OBM\CODES\AutoSEG\runs\detect\train84\results.csv
100,264.285,4.57759,1.22852,1.05817,0.33795,0.25714,0.24111,0.07647,5.10756,1.37261,1.00454,5.12213e-05,5.12213e-05,5.12213e-05,D:\OBM\CODES\AutoSEG\runs\detect\train85\results.csv
242,837.63,1.73716,0.49545,1.12551,0.6514,0.4138,0.47835,0.20195,1.95087,0.51926,1.09477,0.00145775,0.00145775,0.00145775,D:\OBM\CODES\AutoSEG\runs\detect\train86\results.csv
13,60.0521,3.41323,0.70535,0.65912,0.39483,0.25563,0.23929,0.08051,4.45181,0.79932,0.58696,0.0313667,0.000366671,0.000366671,D:\OBM\CODES\AutoSEG\runs\detect\train87\results.csv
101,409.604,8.97615,2.36165,1.17104,0.39259,0.17542,0.18861,0.05804,9.7851,2.42214,1.09329,0.001775,0.001775,0.001775,D:\OBM\CODES\AutoSEG\runs\detect\train88\results.csv
564,2182.33,2.83136,0.47706,1.14114,0.64511,0.44397,0.5089,0.22866,3.20118,0.46887,1.093,0.00104674,0.00104674,0.00104674,D:\OBM\CODES\AutoSEG\runs\detect\train89\results.csv
800,3600.69,6.88203,1.82353,1.65623,0.70233,0.4654,0.56957,0.29165,7.08237,1.89283,1.62449,0.000100038,0.000100038,0.000100038,D:\OBM\CODES\AutoSEG\runs\detect\train9\results.csv
300,1638.14,3.64532,1.48399,2.2074,0.71376,0.52952,0.62098,0.32076,3.37883,1.42224,2.20835,0.000133,0.000133,0.000133,D:\OBM\CODES\AutoSEG\runs\detect\train90\results.csv
300,1350.45,2.68621,0.44688,0.85938,0.68774,0.42669,0.51854,0.24445,2.94663,0.46888,0.81585,0.000133,0.000133,0.000133,D:\OBM\CODES\AutoSEG\runs\detect\train91\results.csv
800,4035.75,0.73524,0.47443,0.78221,0.83193,0.63289,0.76109,0.51168,0.97043,0.57297,0.7869,0.00020225,0.00020225,0.00020225,D:\OBM\CODES\AutoSEG\runs\detect\train93\results.csv
800,3663.88,3.54084,0.42126,0.80161,0.66147,0.4673,0.53741,0.252,3.82452,0.44751,0.81271,2.0077e-06,2.0077e-06,2.0077e-06,D:\OBM\CODES\AutoSEG\runs\detect\train94\results.csv
600,14007.2,1.19894,0.33507,0.82621,0.74936,0.56562,0.66526,0.36861,1.36592,0.34948,0.80596,1.00685e-06,1.00685e-06,1.00685e-06,D:\OBM\CODES\AutoSEG\runs\detect\train95\results.csv
300,1151.69,3.89103,1.05892,1.08361,0.57812,0.25961,0.33306,0.13901,4.15334,1.12886,1.00978,1.02739e-06,1.02739e-06,1.02739e-06,D:\OBM\CODES\AutoSEG\runs\detect\train97\results.csv
167,429.37,4.58291,3.28553,0.67676,0.01186,0.01757,0.00632,0.00143,4.47494,4.62048,0.65585,0.00166833,0.00166833,0.00166833,D:\OBM\CODES\AutoSEG\runs\detect\train98\results.csv
1000,2784.07,1.38671,0.90627,0.57902,0.72341,0.507,0.60199,0.27726,1.90799,1.13637,0.59626,5.00122e-05,5.00122e-05,5.00122e-05,D:\OBM\CODES\AutoSEG\runs\detect\train99\results.csv
