epoch,time,train/box_loss,train/cls_loss,train/dfl_loss,metrics/precision(B),metrics/recall(B),metrics/mAP50(B),metrics/mAP50-95(B),val/box_loss,val/cls_loss,val/dfl_loss,lr/pg0,lr/pg1,lr/pg2
1,4.07413,4.83703,22.5214,2.24887,0,0,0,0,3.02425,34.4028,1.28354,0.0981,0.0001,0.0001
2,6.3753,4.09149,23.3561,1.87621,0,0,0,0,3.01652,34.4174,1.2805,0.09525,0.000249994,0.000249994
3,8.62752,6.1074,14.7079,2.80187,0,0,0,0,3.0227,34.4023,1.28325,0.0924,0.000399961,0.000399961
4,10.8019,1.95092,13.0558,0.99798,0,0,0,0,3.54918,33.2593,1.43417,0.0895499,0.000549878,0.000549878
5,13.3548,6.3001,12.8429,2.50952,0,0,0,0,4.40735,6.39198,1.59189,0.0866997,0.000699724,0.000699724
6,15.7638,6.04733,7.06519,2.17311,0,0,0,0,4.72929,5.83223,1.57199,0.0838495,0.000849476,0.000849476
7,18.125,5.0609,6.53976,1.64172,0,0,0,0,5.5829,6.27376,1.71209,0.0809991,0.000999112,0.000999112
8,20.2806,5.27119,5.743,1.70627,0,0,0,0,5.68314,5.91912,1.58479,0.0781486,0.00114861,0.00114861
9,22.5883,4.84306,5.38845,1.54457,0,0,0,0,5.23593,5.72529,1.31419,0.0752979,0.00129795,0.00129795
10,25.0172,4.55972,5.27689,1.3216,0,0,0,0,4.99351,5.55307,1.08702,0.0724471,0.0014471,0.0014471
11,27.2168,4.5733,4.94228,1.14875,0,0,0,0,4.94562,5.63728,1.00462,0.0695961,0.00159606,0.00159606
12,29.3869,4.47166,4.41324,0.94476,0,0,0,0,4.84426,5.37429,0.96497,0.0667448,0.00174478,0.00174478
13,31.5421,4.19063,4.11137,0.88473,0,0,0,0,4.88294,5.7507,1.00349,0.0638933,0.00189326,0.00189326
14,33.9276,4.21687,3.94224,0.94335,0,0,0,0,4.74719,4.24361,0.86357,0.0610415,0.00204146,0.00204146
15,36.0663,4.33923,3.60834,0.86659,8e-05,0.00014,4e-05,0,4.73837,4.74252,0.85355,0.0581894,0.00218938,0.00218938
16,38.3033,4.30925,3.56401,0.85858,0.00647,0.01057,0.00327,0.00064,4.70565,7.60029,0.81424,0.055337,0.00233698,0.00233698
17,40.4254,4.34413,3.3805,0.76607,0,0,0,0,4.71844,6.51542,0.9203,0.0524842,0.00248425,0.00248425
18,42.3115,4.46132,3.33977,0.71058,0,0,0,0,4.4075,11.4447,1.14318,0.0496312,0.00263115,0.00263115
19,44.169,4.4924,3.66127,0.68947,0,0,0,0,4.47282,11.9801,1.11842,0.0467777,0.00277768,0.00277768
20,46.1838,4.21186,3.3705,0.79616,0,0,0,0,4.5947,9.86364,0.94039,0.0439238,0.00292381,0.00292381
21,48.0269,4.23155,3.35361,0.73723,0,0,0,0,4.50564,9.23824,0.93617,0.0410695,0.00306952,0.00306952
22,49.8678,4.26355,3.30671,0.78242,0,0,0,0,4.4998,10.7907,0.88407,0.0382148,0.00321478,0.00321478
23,51.6775,4.28718,3.29273,0.75045,0.00061,0.00027,0.00031,5e-05,4.51365,10.1427,0.87161,0.0353596,0.00335958,0.00335958
24,53.6681,4.16107,3.18959,0.81891,0.00279,0.00357,0.0014,0.00027,4.51774,8.57236,0.83453,0.0325039,0.00350389,0.00350389
25,55.6144,4.0988,3.1745,0.7604,0.0083,0.01236,0.00424,0.00092,4.4941,6.29268,0.7999,0.0296477,0.00364769,0.00364769
26,57.6443,3.97922,2.96592,0.83969,0.01262,0.02032,0.01147,0.00291,4.45225,4.48258,0.78603,0.026791,0.00379097,0.00379097
27,59.7546,4.28424,3.27081,0.70649,0.01352,0.02142,0.00846,0.00183,4.55015,4.94998,0.82992,0.0239337,0.00393369,0.00393369
28,62.0739,4.02363,3.06134,0.77539,0.02849,0.04654,0.01691,0.00395,4.23099,3.77868,0.7201,0.0210758,0.00407585,0.00407585
29,64.1115,4.12432,3.3386,0.71849,0.02798,0.04572,0.0171,0.00402,4.18236,3.80289,0.71754,0.0182174,0.00421741,0.00421741
30,66.2146,3.92366,2.92626,0.75942,0.01118,0.01483,0.00519,0.0012,4.60096,6.20634,0.81172,0.0153584,0.00435837,0.00435837
31,68.1883,4.19346,3.12773,0.76941,0.01069,0.01661,0.00549,0.00125,4.56913,5.58425,0.82085,0.0124987,0.00449869,0.00449869
32,70.1793,4.4565,3.33353,0.71221,0.01571,0.02567,0.00989,0.00238,4.7052,4.13917,0.86807,0.00963835,0.00463835,0.00463835
33,72.1047,4.03405,2.93762,0.72897,0.0367,0.02581,0.01304,0.00319,4.25728,3.74192,0.7678,0.00677735,0.00477735,0.00477735
34,74.237,4.04237,2.97854,0.82956,0.03141,0.0221,0.01513,0.00345,4.26519,4.9456,0.79675,0.00486698,0.00486698,0.00486698
35,76.3224,3.7356,2.63686,0.82219,0.03008,0.02087,0.01166,0.00312,4.12742,4.56006,0.76061,0.00485888,0.00485888,0.00485888
36,78.4078,3.79608,3.00254,0.77213,0.03226,0.04338,0.01858,0.00444,4.1062,4.31016,0.73583,0.00485056,0.00485056,0.00485056
37,80.3975,3.80015,2.75691,0.73766,0.03244,0.04462,0.0188,0.00456,4.12432,6.44775,0.73064,0.004842,0.004842,0.004842
38,82.3727,3.92358,2.7331,0.73881,0.03472,0.05148,0.02112,0.0063,4.11076,8.05916,0.73444,0.00483321,0.00483321,0.00483321
39,84.3546,4.30066,3.05862,0.67856,0.01363,0.02169,0.00685,0.00161,4.43374,20.0488,0.81964,0.00482419,0.00482419,0.00482419
40,86.3851,3.89801,2.61564,0.74578,0.00639,0.01043,0.00323,0.00076,4.15043,77.3494,0.75588,0.00481495,0.00481495,0.00481495
41,88.3966,3.85075,2.74414,0.71731,0.01558,0.02499,0.00789,0.00193,4.13802,77.6798,0.75891,0.00480548,0.00480548,0.00480548
42,90.381,4.26001,2.97319,0.64165,0.01553,0.02471,0.0078,0.00196,3.96874,inf,0.72075,0.00479578,0.00479578,0.00479578
43,92.3996,3.77513,2.64975,0.74791,0.00076,0.00124,0.00049,0.00014,3.9682,inf,0.73227,0.00478586,0.00478586,0.00478586
44,94.5135,3.78711,2.80868,0.7552,0.00753,0.01208,0.00379,0.00089,3.87257,inf,0.70273,0.00477572,0.00477572,0.00477572
45,96.4838,3.6977,2.56663,0.69637,0.0314,0.04819,0.01621,0.00424,3.96024,71.3846,0.71761,0.00476535,0.00476535,0.00476535
46,98.4766,3.60713,2.4315,0.72297,0.05295,0.08031,0.0276,0.00708,3.90219,18.1644,0.69178,0.00475476,0.00475476,0.00475476
47,100.558,3.69653,2.55096,0.75139,0.0487,0.07867,0.02683,0.00644,3.91869,9.10139,0.70416,0.00474396,0.00474396,0.00474396
48,102.646,3.56534,2.45869,0.76758,0.03822,0.06192,0.02044,0.00535,4.078,13.7186,0.67946,0.00473293,0.00473293,0.00473293
49,104.527,3.75201,2.56542,0.71391,0.02059,0.03364,0.01081,0.00271,4.51597,29.6817,0.6791,0.00472169,0.00472169,0.00472169
50,106.53,3.80162,2.57446,0.6778,0.00983,0.01606,0.00503,0.0012,3.92544,32.0526,0.66792,0.00471023,0.00471023,0.00471023
51,108.472,3.78457,2.62828,0.68772,0.0096,0.01551,0.00489,0.00118,4.01475,23.7614,0.66819,0.00469856,0.00469856,0.00469856
52,110.749,3.43577,2.32205,0.74258,0.00725,0.01071,0.00378,0.00088,3.91944,42.4478,0.70145,0.00468667,0.00468667,0.00468667
53,112.726,3.48245,2.34799,0.70745,0.00598,0.00975,0.00311,0.00065,3.81585,51.9807,0.68034,0.00467457,0.00467457,0.00467457
54,114.729,3.63648,2.41598,0.78217,0.02739,0.04476,0.01442,0.0038,3.93613,23.9853,0.70738,0.00466226,0.00466226,0.00466226
55,116.61,4.20677,2.75369,0.66005,0.06244,0.05725,0.02413,0.00609,4.07651,5.99601,0.74525,0.00464974,0.00464974,0.00464974
56,118.586,3.86801,2.48529,0.68382,0.06564,0.03844,0.02527,0.0074,4.33969,3.75414,0.81131,0.00463701,0.00463701,0.00463701
57,120.703,3.66546,2.39776,0.75159,0.05391,0.03048,0.02037,0.00615,4.48472,3.58961,0.85381,0.00462407,0.00462407,0.00462407
58,122.794,3.44018,2.22066,0.76445,0.0975,0.08212,0.051,0.01316,3.83566,2.85577,0.68999,0.00461093,0.00461093,0.00461093
59,124.823,3.46993,2.2923,0.71074,0.14448,0.10146,0.07064,0.01777,3.7647,2.61628,0.67791,0.00459759,0.00459759,0.00459759
60,126.943,3.4225,2.22584,0.72646,0.1242,0.11161,0.06752,0.01701,3.79491,2.60917,0.68412,0.00458404,0.00458404,0.00458404
61,128.939,3.84704,2.41892,0.70709,0.14707,0.10228,0.07363,0.01823,3.72159,2.65614,0.66807,0.00457029,0.00457029,0.00457029
62,130.999,3.70542,2.41391,0.68927,0.14709,0.08649,0.06649,0.01761,3.80409,2.65828,0.6889,0.00455634,0.00455634,0.00455634
63,133.011,3.56662,2.31224,0.70317,0.1711,0.09418,0.07561,0.01827,3.68653,2.63739,0.66573,0.00454219,0.00454219,0.00454219
64,135.101,3.48263,2.27929,0.74145,0.06202,0.04091,0.02756,0.00782,4.18917,3.3433,0.68133,0.00452785,0.00452785,0.00452785
65,137.003,3.71097,2.2569,0.64804,0.05349,0.06013,0.03191,0.0081,4.06637,3.12103,0.66848,0.00451331,0.00451331,0.00451331
66,138.916,3.40561,2.18168,0.7118,0.05201,0.07647,0.02985,0.00771,4.05848,3.44924,0.6664,0.00449858,0.00449858,0.00449858
67,140.829,3.5279,2.25603,0.69242,0.06917,0.10736,0.04833,0.01243,3.84601,3.55275,0.6726,0.00448365,0.00448365,0.00448365
68,142.808,3.95096,2.6316,0.66424,0.07,0.10612,0.05323,0.0157,3.65224,3.51953,0.65927,0.00446854,0.00446854,0.00446854
69,144.677,4.04434,2.65946,0.61342,0.14077,0.1053,0.07462,0.02028,3.6434,3.9849,0.6647,0.00445324,0.00445324,0.00445324
70,146.784,3.71625,2.43954,0.68489,0.15227,0.11024,0.07714,0.02102,3.71934,3.84651,0.662,0.00443775,0.00443775,0.00443775
71,148.771,3.50775,2.2201,0.69163,0.16169,0.11848,0.08673,0.02287,3.61229,3.08155,0.65533,0.00442208,0.00442208,0.00442208
72,150.881,3.62828,2.32344,0.65062,0.13107,0.12878,0.08811,0.02461,3.51042,2.90471,0.6554,0.00440622,0.00440622,0.00440622
73,152.836,3.43548,2.16176,0.67213,0.17665,0.12438,0.09656,0.02633,3.51905,2.62086,0.65722,0.00439018,0.00439018,0.00439018
74,154.87,3.3488,2.12227,0.69058,0.07833,0.02471,0.01932,0.00465,4.48727,3.22451,0.67425,0.00437396,0.00437396,0.00437396
75,156.857,3.39928,2.16312,0.71605,0.06926,0.03528,0.02367,0.00536,4.34519,2.93681,0.67358,0.00435756,0.00435756,0.00435756
76,158.722,3.51072,2.11116,0.67979,0.05654,0.06919,0.03016,0.00707,4.04985,2.85005,0.66476,0.00434099,0.00434099,0.00434099
77,160.601,3.8608,2.56193,0.63154,0.12997,0.09679,0.06366,0.01548,3.75554,2.53947,0.6539,0.00432424,0.00432424,0.00432424
78,162.733,3.49695,2.16814,0.69964,0.16494,0.11848,0.0838,0.02009,3.66317,2.34406,0.65131,0.00430732,0.00430732,0.00430732
79,165.036,3.10666,1.96068,0.7171,0.12391,0.08498,0.05473,0.01243,3.88206,2.45972,0.66014,0.00429023,0.00429023,0.00429023
80,167.003,3.57898,2.21706,0.64529,0.16509,0.09747,0.07387,0.0179,3.72867,2.53377,0.65835,0.00427297,0.00427297,0.00427297
81,168.857,3.18544,2.00655,0.69852,0.20903,0.11236,0.09673,0.02504,3.57604,2.52119,0.65567,0.00425554,0.00425554,0.00425554
82,170.851,3.37834,2.16764,0.70779,0.22857,0.12356,0.10733,0.02711,3.54912,2.46091,0.65596,0.00423795,0.00423795,0.00423795
83,172.795,3.42588,2.17982,0.71255,0.16435,0.1123,0.08291,0.02045,3.68156,2.56243,0.65657,0.0042202,0.0042202,0.0042202
84,174.711,3.39687,2.14119,0.67983,0.2586,0.10482,0.10211,0.02726,3.57813,2.62422,0.66262,0.00420228,0.00420228,0.00420228
85,176.62,3.58368,2.28873,0.67618,0.17992,0.11313,0.08562,0.02113,3.63107,2.75777,0.66006,0.0041842,0.0041842,0.0041842
86,178.666,3.49423,2.18779,0.69088,0.23631,0.11573,0.10016,0.02626,3.60603,2.85765,0.66414,0.00416597,0.00416597,0.00416597
87,180.783,3.56434,2.3915,0.67829,0.17548,0.10708,0.08174,0.02174,3.72872,2.89783,0.67739,0.00414758,0.00414758,0.00414758
88,182.694,3.54258,2.1653,0.66593,0.24256,0.09813,0.09469,0.02645,3.64532,2.62983,0.66577,0.00412904,0.00412904,0.00412904
89,184.54,3.35317,2.16672,0.67609,0.27814,0.10626,0.10884,0.02991,3.56333,2.58909,0.65954,0.00411035,0.00411035,0.00411035
90,186.575,3.31249,2.00192,0.68684,0.31606,0.10832,0.11794,0.03148,3.4776,2.60403,0.64785,0.00409151,0.00409151,0.00409151
91,188.501,3.62769,2.21034,0.63211,0.28251,0.11079,0.11495,0.03016,3.50022,2.53442,0.65209,0.00407252,0.00407252,0.00407252
92,190.396,3.53971,2.19029,0.66635,0.25749,0.10297,0.10365,0.02854,3.54578,2.72478,0.6591,0.00405338,0.00405338,0.00405338
93,192.248,3.3051,2.03166,0.67567,0.22931,0.11628,0.10645,0.02922,3.54456,2.84293,0.66125,0.00403411,0.00403411,0.00403411
94,194.286,3.84673,2.4956,0.62062,0.09767,0.13372,0.08665,0.02221,3.6882,3.58965,0.67828,0.00401469,0.00401469,0.00401469
95,196.277,3.42489,2.19056,0.67354,0.09666,0.13578,0.08972,0.02492,3.67529,3.45638,0.67897,0.00399513,0.00399513,0.00399513
96,198.378,3.11865,2.00798,0.69464,0.28756,0.13811,0.13303,0.03623,3.41859,2.3327,0.64713,0.00397544,0.00397544,0.00397544
97,200.282,3.09498,1.97824,0.73629,0.22188,0.12202,0.10449,0.02752,3.63226,2.24117,0.66941,0.00395561,0.00395561,0.00395561
98,202.211,3.58511,2.29826,0.66665,0.23309,0.14168,0.12014,0.03188,3.42903,2.22449,0.64741,0.00393565,0.00393565,0.00393565
99,204.113,3.60487,2.36634,0.63205,0.25061,0.15366,0.13362,0.03665,3.3398,2.20451,0.64137,0.00391556,0.00391556,0.00391556
100,206.099,3.40529,2.04366,0.6725,0.29878,0.14786,0.14401,0.04045,3.3447,2.24881,0.64285,0.00389534,0.00389534,0.00389534
101,207.976,3.21308,2.02244,0.67147,0.23418,0.1193,0.1003,0.02445,3.54101,2.30203,0.6471,0.003875,0.003875,0.003875
102,210.028,3.84803,2.3323,0.6591,0.25525,0.119,0.11182,0.02838,3.54241,2.43929,0.65607,0.00385453,0.00385453,0.00385453
103,212.14,3.25313,2.01621,0.68638,0.22249,0.11477,0.10328,0.02828,3.57957,2.3983,0.67069,0.00383395,0.00383395,0.00383395
104,214.063,3.2205,1.99652,0.69797,0.21697,0.14098,0.11813,0.03064,3.51772,2.12566,0.65083,0.00381324,0.00381324,0.00381324
105,216.052,3.43521,2.0538,0.63879,0.22325,0.14566,0.12011,0.03157,3.49885,2.11308,0.6446,0.00379242,0.00379242,0.00379242
106,218.038,3.3926,2.05298,0.67801,0.21772,0.1388,0.11121,0.02689,3.57882,2.126,0.65123,0.00377148,0.00377148,0.00377148
107,219.961,3.16498,2.00457,0.69207,0.24579,0.15005,0.12947,0.03292,3.47814,2.05806,0.64399,0.00375043,0.00375043,0.00375043
108,221.882,3.46026,2.06618,0.63516,0.29559,0.16818,0.15549,0.04231,3.33149,2.03811,0.63847,0.00372927,0.00372927,0.00372927
109,223.844,3.1683,1.9735,0.66572,0.28989,0.15788,0.14899,0.04193,3.34609,2.04056,0.64441,0.003708,0.003708,0.003708
110,225.943,3.44609,2.09106,0.62452,0.27514,0.15253,0.1418,0.0377,3.369,2.06116,0.63895,0.00368663,0.00368663,0.00368663
111,227.933,3.42019,2.12399,0.64032,0.28317,0.15955,0.14683,0.03884,3.31012,2.05823,0.63555,0.00366516,0.00366516,0.00366516
112,229.89,3.29555,2.04902,0.6453,0.31934,0.16296,0.15771,0.04251,3.33315,2.0455,0.63702,0.00364358,0.00364358,0.00364358
113,231.847,3.09877,1.96341,0.68761,0.19256,0.09868,0.07559,0.01831,3.74449,2.13486,0.64942,0.00362191,0.00362191,0.00362191
114,233.931,3.37402,1.97938,0.64348,0.28241,0.16365,0.14653,0.03763,3.37275,1.97491,0.63866,0.00360014,0.00360014,0.00360014
115,235.828,3.2372,2.06439,0.67571,0.28547,0.1691,0.15241,0.0403,3.34093,1.98107,0.63844,0.00357828,0.00357828,0.00357828
116,237.865,2.92269,1.88394,0.72055,0.26401,0.15335,0.13601,0.03558,3.36272,2.02079,0.63668,0.00355633,0.00355633,0.00355633
117,239.79,3.00502,1.91523,0.66814,0.27716,0.16076,0.14787,0.03896,3.35055,2.04133,0.6419,0.00353429,0.00353429,0.00353429
118,241.779,2.99638,1.89259,0.74239,0.2527,0.1528,0.13086,0.03235,3.42943,1.98921,0.63827,0.00351216,0.00351216,0.00351216
119,243.767,3.19103,1.92477,0.66833,0.23677,0.14344,0.11735,0.02809,3.51452,2.02052,0.64183,0.00348995,0.00348995,0.00348995
120,245.726,3.48962,2.05635,0.65912,0.27787,0.17271,0.15552,0.04236,3.34218,1.96212,0.64168,0.00346766,0.00346766,0.00346766
121,247.637,2.86996,1.91918,0.69824,0.28242,0.176,0.15569,0.04394,3.30071,1.94383,0.63778,0.00344529,0.00344529,0.00344529
122,249.61,3.00315,1.81361,0.65743,0.25688,0.15651,0.13563,0.0364,3.37282,2.02268,0.63445,0.00342284,0.00342284,0.00342284
123,251.675,3.09551,1.86085,0.65428,0.28097,0.18396,0.1625,0.04455,3.28952,2.00289,0.63556,0.00340032,0.00340032,0.00340032
124,253.699,2.89312,1.88481,0.71448,0.29012,0.169,0.15546,0.04352,3.32814,1.94792,0.64229,0.00337773,0.00337773,0.00337773
125,255.653,3.35574,2.01733,0.69759,0.31073,0.16035,0.15697,0.04187,3.30512,2.02176,0.63606,0.00335507,0.00335507,0.00335507
126,257.594,3.21234,2.00922,0.64833,0.31995,0.1609,0.15983,0.04483,3.29806,2.04488,0.63583,0.00333234,0.00333234,0.00333234
127,259.603,3.14164,1.90392,0.68941,0.30698,0.17463,0.16632,0.04758,3.28517,1.94111,0.63769,0.00330955,0.00330955,0.00330955
128,261.611,3.06628,2.04097,0.66166,0.24976,0.16255,0.13743,0.03602,3.36818,2.00564,0.63771,0.0032867,0.0032867,0.0032867
129,263.503,2.8015,1.72027,0.68667,0.25164,0.17353,0.14706,0.04051,3.31452,1.99864,0.63653,0.00326379,0.00326379,0.00326379
130,265.487,3.28629,2.12546,0.66622,0.30084,0.18218,0.17061,0.04761,3.2807,1.94777,0.63711,0.00324082,0.00324082,0.00324082
131,267.644,3.34829,2.02255,0.64273,0.3289,0.182,0.17971,0.0493,3.24693,1.96886,0.63199,0.0032178,0.0032178,0.0032178
132,269.64,3.45791,2.10077,0.59282,0.33611,0.17257,0.17429,0.05246,3.20871,1.9771,0.63457,0.00319473,0.00319473,0.00319473
133,271.576,2.98382,1.8032,0.65867,0.32701,0.17765,0.17424,0.05119,3.20101,1.94492,0.63229,0.00317161,0.00317161,0.00317161
134,273.578,2.84929,1.7911,0.69267,0.31693,0.18108,0.17261,0.05015,3.27343,1.87995,0.6341,0.00314844,0.00314844,0.00314844
135,275.522,2.93889,1.78279,0.70867,0.29673,0.17367,0.16101,0.044,3.32192,1.9186,0.63368,0.00312523,0.00312523,0.00312523
136,277.466,3.1179,1.93374,0.66948,0.23799,0.13399,0.10905,0.02665,3.55587,2.00129,0.64039,0.00310198,0.00310198,0.00310198
137,279.376,3.01624,1.75274,0.6701,0.30515,0.18122,0.16938,0.04657,3.28495,1.9024,0.63122,0.00307869,0.00307869,0.00307869
138,281.335,3.33787,2.00597,0.65022,0.30869,0.18218,0.17043,0.04592,3.26105,1.90983,0.63161,0.00305536,0.00305536,0.00305536
139,283.343,3.20568,2.0134,0.65087,0.32738,0.19138,0.18425,0.0529,3.19453,1.91912,0.62914,0.003032,0.003032,0.003032
140,285.434,2.98262,1.78317,0.67487,0.30909,0.16694,0.15742,0.04111,3.34757,2.00332,0.63214,0.00300861,0.00300861,0.00300861
141,287.404,3.61788,2.18481,0.60094,0.31616,0.18561,0.17753,0.04998,3.23715,1.97238,0.62883,0.00298519,0.00298519,0.00298519
142,289.288,3.19159,1.86702,0.63666,0.25273,0.15513,0.13444,0.03607,3.35937,2.01375,0.63183,0.00296174,0.00296174,0.00296174
143,291.191,3.03451,1.81281,0.63771,0.27922,0.16159,0.14918,0.04117,3.27911,2.03538,0.63044,0.00293828,0.00293828,0.00293828
144,293.11,3.02619,1.70466,0.66891,0.32172,0.17298,0.17117,0.0483,3.21834,2.04347,0.63019,0.00291479,0.00291479,0.00291479
145,295,3.01486,1.81331,0.6777,0.24105,0.11875,0.10457,0.0265,3.52129,2.22513,0.63916,0.00289128,0.00289128,0.00289128
146,297.048,3.02994,1.7775,0.66144,0.28855,0.15678,0.13957,0.03486,3.42647,1.95053,0.63688,0.00286776,0.00286776,0.00286776
147,299.197,2.83711,1.73952,0.67926,0.29772,0.16722,0.14921,0.03811,3.39013,1.90589,0.63609,0.00284422,0.00284422,0.00284422
148,301.453,3.43683,2.06575,0.61961,0.30491,0.17308,0.15646,0.04163,3.30931,1.87101,0.63033,0.00282067,0.00282067,0.00282067
149,303.343,3.363,1.93556,0.6147,0.35487,0.19701,0.19355,0.05717,3.14201,1.80434,0.62344,0.00279712,0.00279712,0.00279712
150,305.341,3.27679,1.99255,0.64635,0.32006,0.18218,0.16813,0.04475,3.25422,1.85246,0.62756,0.00277356,0.00277356,0.00277356
151,307.279,2.76285,1.65888,0.65475,0.33203,0.19531,0.1856,0.05217,3.19134,1.85336,0.62633,0.00275,0.00275,0.00275
152,309.229,2.80671,1.68557,0.70901,0.27252,0.13171,0.11955,0.03334,3.50836,2.0837,0.66136,0.00272644,0.00272644,0.00272644
153,311.099,3.52471,2.06334,0.59831,0.2906,0.15033,0.13871,0.03981,3.40497,2.04236,0.65415,0.00270288,0.00270288,0.00270288
154,313.082,2.83434,1.71046,0.71287,0.31452,0.17271,0.169,0.05024,3.20969,2.19951,0.63437,0.00267933,0.00267933,0.00267933
155,315.033,2.90106,1.81556,0.66382,0.22689,0.12191,0.11027,0.03066,3.5124,2.83413,0.66329,0.00265578,0.00265578,0.00265578
156,317.032,2.78686,1.65666,0.68119,0.19977,0.09569,0.08559,0.02303,3.75836,2.53179,0.68885,0.00263224,0.00263224,0.00263224
157,319.023,3.07175,1.84549,0.64287,0.28267,0.1506,0.14705,0.04381,3.39669,2.22293,0.65096,0.00260872,0.00260872,0.00260872
158,320.932,2.86494,1.73248,0.67968,0.27141,0.15266,0.14392,0.04155,3.43352,2.06245,0.65151,0.00258521,0.00258521,0.00258521
159,322.918,2.74532,1.70767,0.70505,0.31744,0.17545,0.16885,0.0497,3.29399,1.95067,0.64022,0.00256172,0.00256172,0.00256172
160,324.88,3.01176,1.79979,0.69624,0.34348,0.19918,0.19392,0.05516,3.21187,1.97013,0.63065,0.00253826,0.00253826,0.00253826
161,326.775,2.89204,1.77006,0.69894,0.3448,0.17628,0.18004,0.05312,3.25179,2.12927,0.63754,0.00251481,0.00251481,0.00251481
162,328.718,3.08548,1.85295,0.66361,0.28375,0.15733,0.13999,0.03784,3.4765,2.09058,0.64992,0.00249139,0.00249139,0.00249139
163,330.707,2.79469,1.72183,0.69584,0.34115,0.19357,0.18793,0.05527,3.20082,1.94007,0.62896,0.002468,0.002468,0.002468
164,332.618,3.16484,1.89657,0.63934,0.34748,0.19962,0.20005,0.06033,3.14271,1.84134,0.62806,0.00244464,0.00244464,0.00244464
165,334.722,3.26926,1.96441,0.68061,0.34873,0.19728,0.1999,0.06192,3.12945,1.8388,0.62568,0.00242131,0.00242131,0.00242131
166,336.726,2.76738,1.69144,0.63681,0.38595,0.20868,0.21366,0.06512,3.02358,1.83623,0.61685,0.00239802,0.00239802,0.00239802
167,338.94,3.54434,1.95503,0.62122,0.377,0.20634,0.2126,0.06843,2.9966,1.78265,0.61717,0.00237477,0.00237477,0.00237477
168,340.963,2.55411,1.5949,0.68539,0.37304,0.20483,0.2097,0.06565,3.00013,1.70589,0.61592,0.00235156,0.00235156,0.00235156
169,342.856,2.84782,1.79285,0.62393,0.34476,0.18753,0.18249,0.05056,3.15673,1.74212,0.61959,0.00232839,0.00232839,0.00232839
170,344.924,2.65491,1.55828,0.66059,0.3868,0.21321,0.21846,0.06794,3.05898,1.72872,0.62111,0.00230527,0.00230527,0.00230527
171,346.883,2.96511,1.81129,0.66628,0.37841,0.20991,0.21296,0.06513,3.10006,1.7368,0.6238,0.0022822,0.0022822,0.0022822
172,348.964,3.0627,1.85415,0.65775,0.36553,0.21087,0.20954,0.06266,3.04053,1.71991,0.61942,0.00225918,0.00225918,0.00225918
173,350.926,3.20711,1.82029,0.65039,0.36685,0.20817,0.21214,0.06659,3.01229,1.73055,0.61924,0.00223621,0.00223621,0.00223621
174,353.012,3.14435,1.94177,0.63836,0.3031,0.1874,0.182,0.05435,3.1941,1.8292,0.63819,0.0022133,0.0022133,0.0022133
175,354.971,3.02475,1.66761,0.67538,0.3745,0.20813,0.2173,0.06629,2.99508,1.74582,0.61979,0.00219045,0.00219045,0.00219045
176,357.025,3.03218,1.77432,0.65595,0.37937,0.20524,0.21346,0.06638,3.03434,1.77992,0.62186,0.00216766,0.00216766,0.00216766
177,359,2.64811,1.55612,0.67724,0.33962,0.17326,0.1747,0.05072,3.26095,1.91063,0.64009,0.00214493,0.00214493,0.00214493
178,361.192,3.30538,2.00653,0.65364,0.33537,0.16941,0.178,0.05306,3.20037,1.95285,0.63576,0.00212227,0.00212227,0.00212227
179,363.072,3.25078,1.91702,0.64059,0.38071,0.19646,0.21331,0.06727,2.97676,1.86601,0.61907,0.00209968,0.00209968,0.00209968
180,365.093,2.75998,1.74993,0.68556,0.39076,0.21444,0.21627,0.06237,3.01345,1.69735,0.6141,0.00207716,0.00207716,0.00207716
181,366.957,2.99126,1.847,0.63846,0.41223,0.22172,0.23417,0.07268,2.94393,1.68266,0.61302,0.00205471,0.00205471,0.00205471
182,368.995,2.75721,1.63904,0.66588,0.37974,0.22584,0.22811,0.06993,2.98503,1.69838,0.61357,0.00203234,0.00203234,0.00203234
183,371.115,2.76077,1.59836,0.65959,0.37776,0.2268,0.22935,0.07214,2.95874,1.70066,0.61163,0.00201005,0.00201005,0.00201005
184,373.106,2.72007,1.68764,0.66629,0.39372,0.21932,0.22903,0.07073,3.01457,1.68023,0.61454,0.00198784,0.00198784,0.00198784
185,374.985,2.72803,1.61707,0.67466,0.36187,0.20607,0.21201,0.06252,3.06356,1.70645,0.61564,0.00196571,0.00196571,0.00196571
186,377.04,3.16652,1.86736,0.62511,0.34085,0.20415,0.20034,0.05759,3.09724,1.73528,0.61712,0.00194367,0.00194367,0.00194367
187,379.093,2.6055,1.54272,0.67205,0.38075,0.21005,0.22163,0.07018,3.00435,1.71755,0.61683,0.00192172,0.00192172,0.00192172
188,381.1,3.27622,1.9057,0.63227,0.38262,0.21321,0.22072,0.06777,3.03617,1.6892,0.6168,0.00189986,0.00189986,0.00189986
189,382.996,2.8411,1.64049,0.6491,0.40054,0.22529,0.2319,0.07267,2.96943,1.6748,0.61331,0.00187809,0.00187809,0.00187809
190,385.21,2.70287,1.63938,0.6795,0.38,0.22254,0.22771,0.0717,2.98295,1.7098,0.61706,0.00185642,0.00185642,0.00185642
191,387.183,3.23208,1.78446,0.59889,0.39168,0.22419,0.23321,0.07543,2.95524,1.70608,0.61659,0.00183484,0.00183484,0.00183484
192,389.501,2.72094,1.61484,0.66537,0.38904,0.21897,0.21861,0.0622,3.06516,1.71488,0.61809,0.00181337,0.00181337,0.00181337
193,391.39,2.85124,1.69935,0.65658,0.40218,0.23202,0.23386,0.07058,3.02144,1.69456,0.61731,0.001792,0.001792,0.001792
194,393.353,3.08744,1.71665,0.62602,0.36357,0.19769,0.19901,0.06066,3.15475,1.74491,0.62559,0.00177073,0.00177073,0.00177073
195,395.286,3.08588,1.79972,0.62931,0.40344,0.21334,0.22774,0.07111,3.00625,1.72735,0.61527,0.00174957,0.00174957,0.00174957
196,397.333,2.92257,1.80029,0.64358,0.33297,0.15706,0.1564,0.04137,3.28216,1.97271,0.62297,0.00172852,0.00172852,0.00172852
197,399.188,3.56428,1.98533,0.58633,0.32269,0.15774,0.15496,0.04034,3.29349,1.9503,0.62301,0.00170758,0.00170758,0.00170758
198,401.166,3.08654,1.74775,0.59296,0.41643,0.2071,0.22429,0.07408,2.95689,1.76515,0.61908,0.00168676,0.00168676,0.00168676
199,403.19,2.63862,1.67696,0.6901,0.3945,0.19412,0.20607,0.06491,3.06849,1.8221,0.62741,0.00166605,0.00166605,0.00166605
200,405.184,2.82014,1.6493,0.64414,0.39713,0.21389,0.22809,0.07624,2.89286,1.76307,0.61112,0.00164547,0.00164547,0.00164547
201,407.228,2.82949,1.64657,0.64935,0.37998,0.21032,0.22064,0.07324,2.9582,1.76202,0.61553,0.001625,0.001625,0.001625
202,409.223,2.57609,1.49482,0.65843,0.38311,0.20895,0.21827,0.0696,3.02301,1.70217,0.62087,0.00160466,0.00160466,0.00160466
203,411.169,2.64185,1.6085,0.66603,0.38947,0.22076,0.22934,0.07511,2.95296,1.66354,0.61662,0.00158444,0.00158444,0.00158444
204,413.079,2.83911,1.63564,0.62226,0.38309,0.22285,0.23029,0.07548,2.96569,1.65907,0.61628,0.00156435,0.00156435,0.00156435
205,415.06,2.63556,1.59024,0.64715,0.3789,0.22241,0.22889,0.07333,3.01509,1.67437,0.61852,0.00154439,0.00154439,0.00154439
206,417.056,2.62971,1.57161,0.66304,0.38252,0.21857,0.22761,0.07109,3.05232,1.69704,0.62112,0.00152456,0.00152456,0.00152456
207,419.003,2.84309,1.7464,0.63632,0.39558,0.22446,0.23588,0.07472,3.01015,1.68728,0.61773,0.00150487,0.00150487,0.00150487
208,420.949,3.34873,1.93681,0.59659,0.39213,0.22927,0.23641,0.07581,2.91558,1.65138,0.61155,0.00148531,0.00148531,0.00148531
209,422.945,2.86213,1.66343,0.6451,0.38992,0.2246,0.23159,0.07207,2.92045,1.68793,0.61043,0.00146589,0.00146589,0.00146589
210,424.915,2.59601,1.53989,0.63393,0.40081,0.22337,0.23591,0.07629,2.90234,1.68261,0.61231,0.00144662,0.00144662,0.00144662
211,426.871,3.03075,1.7756,0.6229,0.4067,0.22762,0.23969,0.07608,2.90547,1.67694,0.61067,0.00142748,0.00142748,0.00142748
212,428.86,3.35478,1.83247,0.61227,0.42267,0.22556,0.24088,0.07495,2.94037,1.6427,0.60898,0.00140849,0.00140849,0.00140849
213,430.797,3.06106,1.77267,0.62952,0.37363,0.2025,0.20578,0.06118,3.05008,1.66078,0.61148,0.00138965,0.00138965,0.00138965
214,432.703,3.16755,1.81714,0.6058,0.41453,0.22446,0.23919,0.07635,2.90127,1.61322,0.60681,0.00137096,0.00137096,0.00137096
215,434.892,2.95032,1.70212,0.62127,0.41705,0.22666,0.24188,0.07629,2.91094,1.62156,0.60786,0.00135242,0.00135242,0.00135242
216,436.937,2.98214,1.80219,0.63648,0.41423,0.23407,0.24416,0.07946,2.91499,1.6796,0.60958,0.00133403,0.00133403,0.00133403
217,438.851,2.97382,1.7302,0.61422,0.41624,0.23421,0.24493,0.07947,2.89605,1.65707,0.6087,0.0013158,0.0013158,0.0013158
218,441.173,2.89074,1.61556,0.61411,0.41937,0.23929,0.24674,0.07881,2.93225,1.64664,0.60926,0.00129772,0.00129772,0.00129772
219,443.182,2.97299,1.76395,0.60906,0.3983,0.22652,0.23096,0.0739,3.01317,1.69176,0.61466,0.0012798,0.0012798,0.0012798
220,445.06,2.69691,1.55172,0.62133,0.41734,0.22323,0.23769,0.07644,2.95378,1.75038,0.61422,0.00126205,0.00126205,0.00126205
221,447.001,2.51601,1.49067,0.65985,0.42595,0.21902,0.23405,0.06882,2.9737,1.81965,0.61407,0.00124446,0.00124446,0.00124446
222,448.911,2.72479,1.57087,0.62661,0.42804,0.22721,0.24767,0.07965,2.8609,1.76681,0.60915,0.00122703,0.00122703,0.00122703
223,451.137,3.10224,1.75535,0.62843,0.42399,0.22464,0.24585,0.0831,2.83672,1.71742,0.61061,0.00120977,0.00120977,0.00120977
224,453.22,2.58519,1.568,0.69776,0.39127,0.22735,0.22734,0.06627,3.01322,1.65537,0.61198,0.00119268,0.00119268,0.00119268
225,455.241,2.83312,1.64262,0.64926,0.36127,0.20895,0.20404,0.0576,3.10024,1.67994,0.61504,0.00117576,0.00117576,0.00117576
226,457.233,2.66676,1.56691,0.63419,0.40287,0.23339,0.24006,0.07647,2.92619,1.60765,0.60849,0.00115901,0.00115901,0.00115901
227,459.305,2.72606,1.55257,0.61797,0.40198,0.23572,0.24111,0.07673,2.91699,1.60289,0.60758,0.00114244,0.00114244,0.00114244
228,461.31,3.06345,1.70849,0.61534,0.42626,0.24259,0.25419,0.08346,2.83865,1.57465,0.60469,0.00112604,0.00112604,0.00112604
229,463.223,2.85208,1.67324,0.63411,0.43883,0.23764,0.25833,0.08585,2.81881,1.56996,0.60493,0.00110982,0.00110982,0.00110982
230,465.254,3.33939,1.92421,0.57939,0.43386,0.2349,0.25642,0.08486,2.82349,1.67859,0.60528,0.00109378,0.00109378,0.00109378
231,467.255,2.35914,1.46352,0.6984,0.4455,0.22865,0.2556,0.08412,2.83261,1.77035,0.60581,0.00107792,0.00107792,0.00107792
232,469.192,2.61733,1.54586,0.61338,0.4107,0.21156,0.23485,0.07984,2.87733,1.80251,0.61381,0.00106225,0.00106225,0.00106225
233,471.131,3.19255,1.84859,0.57976,0.39731,0.20579,0.2219,0.07459,2.95019,1.75596,0.61883,0.00104676,0.00104676,0.00104676
234,473.164,2.65957,1.64754,0.65321,0.38975,0.21691,0.22688,0.07443,2.96854,1.65885,0.61827,0.00103146,0.00103146,0.00103146
235,475.055,2.99392,1.83116,0.68542,0.40031,0.23039,0.23911,0.07952,2.90775,1.6387,0.6131,0.00101635,0.00101635,0.00101635
236,477.122,2.89578,1.70561,0.60357,0.40098,0.2187,0.23,0.07515,2.97312,1.67095,0.61389,0.00100142,0.00100142,0.00100142
237,478.999,2.89336,1.67431,0.63019,0.40218,0.22007,0.23256,0.07622,2.96292,1.68184,0.61327,0.00098669,0.00098669,0.00098669
238,481.019,3.04169,1.71391,0.59783,0.43379,0.23915,0.2531,0.08287,2.83608,1.6173,0.60501,0.000972151,0.000972151,0.000972151
239,482.943,2.69168,1.65553,0.62531,0.43873,0.24468,0.2567,0.08228,2.8412,1.58312,0.60526,0.000957808,0.000957808,0.000957808
240,484.91,2.76645,1.66684,0.64568,0.42835,0.24298,0.25921,0.08728,2.82645,1.56566,0.60668,0.000943661,0.000943661,0.000943661
241,486.887,2.73023,1.55978,0.62743,0.42143,0.23517,0.25128,0.08555,2.85786,1.5835,0.60822,0.000929712,0.000929712,0.000929712
242,488.892,2.60775,1.60755,0.65929,0.43888,0.24945,0.26382,0.08872,2.82121,1.56924,0.60398,0.000915962,0.000915962,0.000915962
243,490.836,2.32237,1.43634,0.6427,0.43449,0.24698,0.26181,0.08272,2.85224,1.57076,0.60303,0.000902414,0.000902414,0.000902414
244,492.794,2.55588,1.58245,0.64618,0.43791,0.24382,0.26217,0.08637,2.81494,1.5769,0.60314,0.000889069,0.000889069,0.000889069
245,494.881,2.53321,1.57742,0.66481,0.44104,0.24276,0.25995,0.08922,2.79818,1.59473,0.60584,0.000875927,0.000875927,0.000875927
246,496.967,2.9015,1.78578,0.63574,0.43169,0.24507,0.2585,0.08385,2.81248,1.62665,0.60263,0.000862991,0.000862991,0.000862991
247,498.908,2.55112,1.46445,0.63944,0.42343,0.23819,0.24915,0.07893,2.86163,1.64632,0.60388,0.000850262,0.000850262,0.000850262
248,500.929,2.35561,1.42528,0.65678,0.43617,0.24629,0.26393,0.08852,2.81395,1.62417,0.60192,0.000837741,0.000837741,0.000837741
249,502.793,2.65602,1.57174,0.64796,0.42751,0.24245,0.26381,0.08979,2.79789,1.63058,0.60159,0.00082543,0.00082543,0.00082543
250,504.703,3.04605,1.74412,0.59065,0.40807,0.22543,0.2382,0.07774,2.85697,1.65882,0.60194,0.00081333,0.00081333,0.00081333
251,506.597,2.5511,1.57411,0.65934,0.37613,0.21376,0.21639,0.06486,2.95781,1.67681,0.60361,0.000801443,0.000801443,0.000801443
252,508.556,2.67887,1.55894,0.64434,0.40562,0.22954,0.23734,0.07144,2.90352,1.62812,0.60269,0.000789769,0.000789769,0.000789769
253,510.735,2.49186,1.53123,0.65378,0.44262,0.24492,0.26369,0.08599,2.80837,1.59264,0.6012,0.00077831,0.00077831,0.00077831
254,512.835,2.66919,1.71786,0.65413,0.42379,0.22556,0.24568,0.08216,2.92206,1.6241,0.61111,0.000767067,0.000767067,0.000767067
255,514.796,2.84235,1.68146,0.62244,0.42428,0.2239,0.24295,0.08146,2.92203,1.61987,0.61172,0.000756042,0.000756042,0.000756042
256,516.678,2.73997,1.56395,0.64707,0.44581,0.2476,0.26655,0.09135,2.76951,1.54633,0.60242,0.000745235,0.000745235,0.000745235
257,518.777,2.46168,1.50881,0.68173,0.44473,0.25206,0.27018,0.09052,2.76744,1.54994,0.60142,0.000734649,0.000734649,0.000734649
258,520.748,2.34042,1.53256,0.67474,0.44068,0.2451,0.26824,0.09214,2.75281,1.57511,0.60296,0.000724283,0.000724283,0.000724283
259,522.736,3.1181,1.72744,0.58847,0.43147,0.23682,0.26,0.09055,2.78979,1.5842,0.60555,0.000714139,0.000714139,0.000714139
260,524.885,2.69874,1.55381,0.64307,0.44914,0.24684,0.26994,0.09127,2.80075,1.56807,0.60226,0.000704219,0.000704219,0.000704219
261,526.796,2.56007,1.53033,0.61521,0.43897,0.24945,0.26722,0.08508,2.84585,1.57618,0.60312,0.000694523,0.000694523,0.000694523
262,528.849,2.49733,1.50932,0.65205,0.4482,0.24878,0.26886,0.08429,2.85005,1.57287,0.60305,0.000685052,0.000685052,0.000685052
263,530.792,2.56133,1.50539,0.65005,0.4536,0.2512,0.27236,0.09168,2.78014,1.55175,0.60198,0.000675808,0.000675808,0.000675808
264,532.751,2.87845,1.63871,0.6133,0.41989,0.22543,0.24254,0.08022,2.87694,1.59569,0.61323,0.000666791,0.000666791,0.000666791
265,534.632,2.99388,1.68402,0.59675,0.42777,0.23668,0.2508,0.08396,2.82175,1.57514,0.61037,0.000658003,0.000658003,0.000658003
266,536.559,3.09846,1.75421,0.59009,0.4431,0.24876,0.26711,0.09036,2.73359,1.53433,0.60067,0.000649444,0.000649444,0.000649444
267,538.501,2.83798,1.54322,0.61296,0.44555,0.25263,0.26998,0.09098,2.74243,1.53607,0.6008,0.000641116,0.000641116,0.000641116
268,540.507,2.81702,1.55403,0.62728,0.44662,0.2419,0.26331,0.09126,2.79161,1.54608,0.60486,0.000633018,0.000633018,0.000633018
269,542.417,2.68057,1.62744,0.6427,0.4371,0.23449,0.25468,0.08732,2.83762,1.56489,0.60735,0.000625153,0.000625153,0.000625153
270,544.358,2.85382,1.67722,0.59601,0.44204,0.23998,0.25961,0.09062,2.79324,1.57887,0.60435,0.000617521,0.000617521,0.000617521
271,546.348,2.3997,1.49603,0.64387,0.4423,0.24876,0.2663,0.09193,2.75232,1.60542,0.60111,0.000610123,0.000610123,0.000610123
272,548.395,2.66321,1.60649,0.65233,0.45607,0.25096,0.26832,0.09329,2.73786,1.57452,0.60009,0.000602959,0.000602959,0.000602959
273,550.28,2.94709,1.70005,0.62511,0.46205,0.2478,0.2701,0.09432,2.75024,1.55508,0.60115,0.000596031,0.000596031,0.000596031
274,552.427,2.53606,1.59044,0.65147,0.46685,0.24739,0.27236,0.09456,2.74693,1.54541,0.60156,0.000589339,0.000589339,0.000589339
275,555.146,2.59743,1.55821,0.65448,0.46013,0.25261,0.27295,0.09405,2.7351,1.53819,0.59936,0.000582884,0.000582884,0.000582884
276,557.108,2.55843,1.52225,0.63654,0.44427,0.25,0.2684,0.0915,2.7553,1.55833,0.59866,0.000576667,0.000576667,0.000576667
277,558.986,2.86143,1.75269,0.61868,0.44726,0.25151,0.27201,0.09336,2.74625,1.56714,0.59877,0.000570688,0.000570688,0.000570688
278,561.419,2.41544,1.5302,0.66598,0.45528,0.25069,0.27614,0.09373,2.75534,1.58,0.59863,0.000564948,0.000564948,0.000564948
279,563.793,2.70627,1.69363,0.63396,0.45495,0.24945,0.27559,0.09479,2.7415,1.5623,0.59859,0.000559447,0.000559447,0.000559447
280,565.848,2.66868,1.52385,0.64664,0.44768,0.24822,0.27197,0.09309,2.73612,1.54181,0.59948,0.000554187,0.000554187,0.000554187
281,567.902,2.93445,1.69891,0.61578,0.44979,0.24982,0.26939,0.09019,2.75968,1.53662,0.59971,0.000549168,0.000549168,0.000549168
282,569.89,3.15214,1.80296,0.61206,0.46463,0.25659,0.27876,0.09339,2.74317,1.52438,0.59981,0.00054439,0.00054439,0.00054439
283,571.798,2.43204,1.4765,0.66097,0.46418,0.25577,0.278,0.09273,2.74867,1.52506,0.59987,0.000539854,0.000539854,0.000539854
284,573.757,2.45829,1.42974,0.643,0.44714,0.25096,0.26692,0.08264,2.85523,1.55559,0.60234,0.00053556,0.00053556,0.00053556
285,575.668,2.54922,1.56967,0.65346,0.44565,0.25041,0.26427,0.08097,2.86769,1.57029,0.60298,0.000531509,0.000531509,0.000531509
286,577.675,2.79247,1.63862,0.62594,0.46307,0.25618,0.27643,0.0905,2.80622,1.54968,0.60224,0.000527701,0.000527701,0.000527701
287,579.869,2.63498,1.56106,0.69904,0.45611,0.24945,0.27194,0.09158,2.80423,1.54919,0.60353,0.000524137,0.000524137,0.000524137
288,581.828,2.59697,1.50993,0.60348,0.45807,0.24986,0.27526,0.09456,2.7604,1.53856,0.60226,0.000520817,0.000520817,0.000520817
289,583.737,2.6372,1.50492,0.6362,0.45999,0.25618,0.27731,0.09471,2.73066,1.53614,0.60018,0.000517742,0.000517742,0.000517742
290,585.738,2.58221,1.5418,0.66922,0.45221,0.25082,0.27091,0.09001,2.76928,1.53694,0.5995,0.000514911,0.000514911,0.000514911
291,640.302,3.1831,1.86075,0.54345,0.45975,0.25494,0.27602,0.09444,2.75053,1.52583,0.59962,0.000512326,0.000512326,0.000512326
292,642.259,2.74738,1.55114,0.61606,0.45607,0.25096,0.27413,0.09571,2.74467,1.53043,0.60153,0.000509986,0.000509986,0.000509986
293,644.202,2.3091,1.41721,0.65096,0.46006,0.24259,0.26757,0.09128,2.79206,1.54956,0.60433,0.000507891,0.000507891,0.000507891
294,646.239,2.32768,1.44407,0.6586,0.46525,0.24618,0.27125,0.09525,2.75967,1.5514,0.60288,0.000506042,0.000506042,0.000506042
295,648.165,2.45714,1.49965,0.64835,0.46549,0.25287,0.27836,0.09582,2.73776,1.5456,0.60066,0.00050444,0.00050444,0.00050444
296,650.155,2.47188,1.44194,0.61662,0.45422,0.25247,0.27287,0.09366,2.72886,1.55595,0.5993,0.000503084,0.000503084,0.000503084
297,652.067,2.98598,1.67183,0.5881,0.43933,0.25027,0.26856,0.09186,2.72705,1.56764,0.59886,0.000501974,0.000501974,0.000501974
298,654.02,2.74496,1.57527,0.59459,0.40819,0.23256,0.24141,0.07499,2.87073,1.60385,0.5999,0.00050111,0.00050111,0.00050111
299,655.933,2.35306,1.41897,0.61279,0.40335,0.23009,0.23721,0.07249,2.90399,1.59783,0.60135,0.000500493,0.000500493,0.000500493
300,657.846,2.20404,1.40286,0.67039,0.43771,0.24945,0.26922,0.09071,2.77288,1.54855,0.59804,0.000500123,0.000500123,0.000500123
